Organization_name,Min. Project,Rating,Hourly_rate,Total_Employees,Locality,Region,Profile,Website,Mail,Phone
UPQODE," $1,000+ ",5,$25 - $49,"""10 - 49""","Tampa,",FL,https://clutch.co/profile/upqode,https://www.upqode.com,projects@upqode.com,"
+1 813 990 0818 "
MAAN Softwares INC.," $5,000+ ",4.7,$25 - $49,"""10 - 49""","Lewes,",DE,https://clutch.co/profile/maan-softwares,https://maansoftwares.com/,info@maansoftwares.com,"
+1 531 203 9141 "
Blue Polo Interactive," $5,000+ ",4.8,$150 - $199,"""2 - 9""","New York,",NY,https://clutch.co/profile/blue-polo-interactive,http://bluepolointeractive.com,sales@bluepolointeractive.com,"
855.258.3765 "
P2H Inc," $1,000+ ",5,$25 - $49,"""250 - 999""","Las Vegas,",None,https://clutch.co/profile/p2h,https://www.psd2html.com/,victoria.kholmanova@hq.p2h.com,"
+1 888-724-9414 "
Big Drop ," $25,000+ ",4.7,$100 - $149,"""50 - 249""","New York ,",NY,https://clutch.co/profile/big-drop,http://bigdropinc.com/?utm_source=clutch,sayhello@bigdropinc.com,"
212.577.1138 "
Crafton," $5,000+ ",4.9,$25 - $49,"""10 - 49""","Pozna,",None,https://clutch.co/profile/crafton,http://www.crafton.eu/,biuro@crafton.pl,"
00 48 61 624 86 92 "
Human Made," $50,000+ ",5,$150 - $199,"""50 - 249""","New York,",NY,https://clutch.co/profile/human-made,https://humanmade.com,sales@humanmade.com,"
+1 559 547 8668 "
Followbright," $25,000+ ",5,None,"""2 - 9""","Denver,",CO,https://clutch.co/profile/followbright,http://www.followbright.com/,info@followbright.com,"
(970) 668-0709 "
Yarddiant," $1,000+ ",5,< $25,"""10 - 49""","Calicut,",None,https://clutch.co/profile/yarddiant,https://www.yarddiant.com,info@yarddiant.com,"
+91 9895035143 "
Jordan Crown," $10,000+ ",4.9,$100 - $149,"""10 - 49""","Everett,",WA,https://clutch.co/profile/jordan-crown,http://www.jordancrown.com/lp/clutch/?c=cl,joea@jordancrown.com,"
425.268.2718 "
WDG - Web Development Group," $25,000+ ",4.9,$150 - $199,"""10 - 49""","Arlington ,",VA,https://clutch.co/profile/wdg-web-development-group,http://www.webdevelopmentgroup.com/,hello@wdgdc.com,"
703-652-8438 "
Dom & Tom," $50,000+ ",4.8,$150 - $199,"""50 - 249""","New York City,",NY,https://clutch.co/profile/dom-tom,http://domandtom.com,hello@domandtom.com,"
(646) 741-5049 "
QArea," $5,000+ ",4.7,$25 - $49,"""50 - 249""","Kharkov,",None,https://clutch.co/profile/qarea,https://www.qarea.com/,marketing@qarea.us,"
38 057 763 60 24 "
Mobomo," $50,000+ ",4.8,$150 - $199,"""50 - 249""","Vienna,",VA,https://clutch.co/profile/mobomo,https://www.mobomo.com/,hello@mobomo.com,"
888.676.1049 "
ChopDawg.com," $25,000+ ",4.9,$100 - $149,"""10 - 49""","Philadelphia,",PA,https://clutch.co/profile/chopdawgcom,http://www.ChopDawg.com,Hello@ChopDawg.com,"
(800) 490-1476 "
Moove Agency, Undisclosed,5,$100 - $149,"""10 - 49""","London,",None,https://clutch.co/profile/moove-agency,http://www.mooveagency.com/,info@mooveagency.com,"
+44 20 3372 5696 "
"Onit Digital, Inc."," $75,000+ ",4.6,$100 - $149,"""50 - 249""","New York City,",NY,https://clutch.co/profile/onit-digital,http://www.onitdigital.com?clutch.co,info@onitdigital.com,"
 "
Markupus, Undisclosed,5,$25 - $49,"""10 - 49""","Vilnius,",None,https://clutch.co/profile/markupus,http://markupus.com,hi@markupus.com,"
 "
Modern Tribe ," $100,000+ ",5,$200 - $300,"""50 - 249""","Minneapolis,",MN,https://clutch.co/profile/modern-tribe,https://tri.be/,sales@tri.be,"
612-206-1445 "
Pragmatic , Undisclosed,4.6,$150 - $199,"""50 - 249""","Brighton,",None,https://clutch.co/profile/pragmatic,http://pragmatic.agency,sales@pragmatic.agency,"
+44 12 7361 3166 "
DevriX," $25,000+ ",4.8,$50 - $99,"""10 - 49""","Sofia,",None,https://clutch.co/profile/devrix,https://devrix.com/,contact@devrix.com,"
+359 89 853 2461 "
IT CRAFT," $10,000+ ",4.8,$25 - $49,"""50 - 249""","Kharkiv,",None,https://clutch.co/profile/it-craft,https://www.itechcraft.com/,site@itechcraft.com,"
+38.068.195.7340 "
WebDevStudios," $5,000+ ",5,None,"""10 - 49""","Philadelphia,",PA,https://clutch.co/profile/webdevstudios,http://www.webdevstudios.com,sales@webdevstudios.com,"
1-855-932-3380 "
Ruckus," $25,000+ ",5,$150 - $199,"""10 - 49""","New York,",NY,https://clutch.co/profile/ruckus,http://www.ruckusmarketing.com/?utm_source=Clutch.co&utm_medium=Directory&utm_term=Clutch.co&utm_content=Clutch.co&utm_campaign=Clutch.co,contact@ruckusco.com,"
646.832.4603 "
Materiell," $25,000+ ",4.9,$100 - $149,"""10 - 49""","Arlington,",VA,https://clutch.co/profile/materiell,https://materiell.com,team@materiell.com,"
703.243.9207 "
SemiDot Infotech ," $5,000+ ",4.8,< $25,"""10 - 49""","Boulder,",CO,https://clutch.co/profile/semidot-infotech,https://semidotinfotech.com/,hello@semidotinfotech.com,"
+1-303-325-3863 "
Codenest.pl," $1,000+ ",5,$25 - $49,"""2 - 9""","Krakw,",None,https://clutch.co/profile/codenestpl,https://codenest.us/,hello@codenest.us,"
 "
Orbit Media Studios," $25,000+ ",4.9,None,"""10 - 49""","Chicago,",IL,https://clutch.co/profile/orbit-media-studios,https://www.orbitmedia.com/,social@orbitmedia.com,"
773.348.4581 "
DesignRussia," $5,000+ ",5,$25 - $49,"""10 - 49""","Veliky Novgorod,",None,https://clutch.co/profile/designrussia,http://www.designrussia.com,hello@designrussia.com,"
007 908 226-06-56 "
Alley Interactive, Undisclosed,4.5,$150 - $199,"""50 - 249""","New York,",NY,https://clutch.co/profile/alley-interactive,http://alley.co,info@alley.co,"
212.804.6623 "
Perception System Pvt Ltd," $5,000+ ",4.4,< $25,"""50 - 249""","San Jose,",CA,https://clutch.co/profile/perception-system,http://www.perceptionsystem.com/,info@perceptionsystem.com,"
408.833.6470 "
Postlight," $75,000+ ",5,$150 - $199,"""10 - 49""","New York City,",NY,https://clutch.co/profile/postlight,https://postlight.com/,hello@postlight.com,"
646.694.8530 "
FYC Labs," $5,000+ ",4.9,$50 - $99,"""10 - 49""","San Diego,",CA,https://clutch.co/profile/fyc-labs,http://www.fyclabs.com,info@fyclabs.com,"
619.512.3865 "
Fahrenheit Marketing, Undisclosed,5,$150 - $199,"""10 - 49""","Austin,",TX,https://clutch.co/profile/fahrenheit-marketing,http://www.fahrenheit.io,info@fahrenheitmarketing.com,"
512.206.4220 "
Macronimous Web Solutions, Undisclosed,5,None,"""50 - 249""","Coimbatore,",None,https://clutch.co/profile/macronimous-web-solutions,http://www.macronimous.com,benny.a@gmail.com,"
91.994.424.9039 "
Isadora Agency," $25,000+ ",4.6,$100 - $149,"""10 - 49""","Manhattan Beach,",CA,https://clutch.co/profile/isadora-agency,http://isadoradigitalagency.com/,hello@isadoradigitalagency.com,"
310.560.4675 "
Sayenko Design, Undisclosed,4.7,$100 - $149,"""2 - 9""","Bellevue,",WA,https://clutch.co/profile/sayenko-design,http://www.sayenkodesign.com/,mike@sayenkodesign.com,"
425.445.7111 "
UpTrending," $25,000+ ",5,$100 - $149,"""10 - 49""","San Francisco,",CA,https://clutch.co/profile/uptrending,http://uptrending.com/,josh@uptrending.com,"
 "
Skyhook Interactive," $10,000+ ",5,$100 - $149,"""10 - 49""","Mesa,",AZ,https://clutch.co/profile/skyhook-interactive,https://skyhookinteractive.com/,sales@skyhookinteractive.com,"
(480) 814-1900 "
w3ondemand Technologies," $5,000+ ",5,$25 - $49,"""10 - 49""","Mansarover, Jaipur,",None,https://clutch.co/profile/w3ondemand-technologies,http://w3ondemand.com/contact/,info@w3ondemand.com,"
+91 9166930069 "
Ace creative webtech Pvt Ltd," $1,000+ ",5,< $25,"""10 - 49""",None,None,https://clutch.co/profile/ace-creative-webtech,http://www.acecreativetech.com/,naveen@acecreativewebtech.com,"
 "
TowerHouseStudio," $1,000+ ",4.8,$50 - $99,"""10 - 49""","Montevideo,",None,https://clutch.co/profile/towerhousestudio,https://towerhousestudio.com,info@towerhousestudio.com,"
+598 2903 5577 "
Forix ," $100,000+ ",5,$100 - $149,"""10 - 49""","Portland,",OR,https://clutch.co/profile/forix,http://www.forixcommerce.com/?ref=co,hello@forixdigital.com,"
503.764.4123 "
Make Directory Developers," $5,000+ ",5,$100 - $149,"""2 - 9""","Boston,",MA,https://clutch.co/profile/make-directory-developers,http://www.mk-dir.com,info@mk-dir.com,"
(857) 400-9159 "
Kinex Media," $25,000+ ",5,$100 - $149,"""10 - 49""","Mississauga,",None,https://clutch.co/profile/kinex-media,https://www.kinexmedia.com,info@kinexmedia.com,"
416.907.4030 "
Liluweb," $5,000+ ",5,< $25,"""10 - 49""","Kharkov,",None,https://clutch.co/profile/liluweb,http://liluweb.com,webstudioliluweb@gmail.com,"
+380673059024 "
State Creative," $10,000+ ",5,$150 - $199,"""2 - 9""","Oakland,",CA,https://clutch.co/profile/state-creative,https://www.statecreative.com,connect@statecreative.com,"
510.842.3826 "
Wholegrain Digital, Undisclosed,4.5,$100 - $149,"""10 - 49""","London,",None,https://clutch.co/profile/wholegrain-digital,http://www.wholegraindigital.com,eat@wholegraindigital.com,"
+44 20 7112 8240 "
Transfuture," $10,000+ ",4.9,$100 - $149,"""2 - 9""","Brooklyn,",NY,https://clutch.co/profile/transfuture,http://www.transfuture.com,joe@transfuture.com,"
718-228-0794 "
Visceral," $25,000+ ",5,$150 - $199,"""2 - 9""","San Diego,",CA,https://clutch.co/profile/visceral,http://www.thisisvisceral.com,info@thisisvisceral.com,"
 "
TSN-Media," $5,000+ ",5,< $25,"""10 - 49""","Kharkiv,",None,https://clutch.co/profile/tsn-media,https://tsn-media.com/,sales@tsn-media.com,"
+38.099.157.8974 "
My Web Programmer," $1,000+ ",4.9,< $25,"""10 - 49""","Atlanta,",GA,https://clutch.co/profile/my-web-programmer,http://www.mywebprogrammer.com,info@mywebprogrammer.com,"
678.841.8442 "
Creative2," $10,000+ ",5,$100 - $149,"""2 - 9""","King George,",VA,https://clutch.co/profile/creative2,http://www.creative2studios.com,info@creative2studios.com,"
+1.703.599.3614 "
Wonder Giant," $5,000+ ",5,$100 - $149,"""2 - 9""","Denver,",CO,https://clutch.co/profile/wonder-giant,https://wondergiant.com,hello@wondergiant.com,"
 "
Kontra," $1,000+ ",4.8,$25 - $49,"""10 - 49""","Zagreb,",None,https://clutch.co/profile/kontra,https://kontra.agency/,info@akcija.com.hr,"
 "
StickOutSocial," $5,000+ ",5,$100 - $149,"""10 - 49""","Chicago,",IL,https://clutch.co/profile/stickoutsocial,http://stickoutsocial.com/,sos@stickoutsocial.com,"
312.655.9999 "
Imaginovation," $10,000+ ",5,$150 - $199,"""50 - 249""","Raleigh,",NC,https://clutch.co/profile/imaginovation,https://www.imaginovation.net,sales@imaginovation.net,"
888.723.8643 "
DotcomWeavers," $10,000+ ",4.9,$100 - $149,"""50 - 249""","Paramus,",NJ,https://clutch.co/profile/dotcomweavers,http://www.dotcomweavers.com,info@dotcomweavers.com,"
201.880.6656 "
Sideways8 Interactive, Undisclosed,4.9,$100 - $149,"""2 - 9""","Atlanta,",GA,https://clutch.co/profile/sideways8-interactive,http://sideways8.com/,adamw@sideways8.com,"
678.500.9901 "
Cantilever," $25,000+ ",4.9,$150 - $199,"""2 - 9""","Fair Lawn,",NJ,https://clutch.co/profile/cantilever,http://cantilever.co,hi@cantilever.co,"
6462839069 "
Level Level - WordPress agency Rotterdam, Undisclosed,4.8,$100 - $149,"""10 - 49""","Rotterdam,",None,https://clutch.co/profile/level-level-wordpress-agency-rotterdam,http://level-level.com/,mail@level-level.com,"
31(0)10.842.9259 "
Parachute Design Group Inc.," $25,000+ ",4.8,$100 - $149,"""2 - 9""","Toronto,",None,https://clutch.co/profile/parachute-design-group,https://parachutedesign.ca,hello@parachutedesign.ca,"
416.901.8633 "
Pagepro," $5,000+ ",5,$25 - $49,"""10 - 49""","London,",None,https://clutch.co/profile/pagepro,http://pagepro.co,chris@pagepro.co,"
+44.7783.125260 "
Nolte," $25,000+ ",4.6,$100 - $149,"""10 - 49""","New York,",NY,https://clutch.co/profile/nolte,http://WeAreNolte.com,info@wearenolte.com,"
1.855.464.8269 "
SEOTM Digital Agency," $1,000+ ",5,$25 - $49,"""10 - 49""","Zhytomyr,",None,https://clutch.co/profile/seotm-digital-agency,https://www.seotm.com/en/,sales@seotm.com,"
+380674118077 "
Doejo," $10,000+ ",4.8,$150 - $199,"""10 - 49""","Chicago,",IL,https://clutch.co/profile/doejo,http://doejo.com/,darren@doejo.com,"
773-348-1227 "
Aktiv Studios, Undisclosed,4.7,$100 - $149,"""2 - 9""","Atlanta,",GA,https://clutch.co/profile/aktiv-studios,http://www.aktivstudios.com/,projects@aktivstudios.com,"
404.490.1057 "
KrishaWeb Technologies Pvt. Ltd.," $5,000+ ",5,< $25,"""50 - 249""","Ahmedabad,",None,https://clutch.co/profile/krishaweb-technologies,http://www.krishaweb.com/,info@krishaweb.com,"
 "
Station Four, Undisclosed,4.8,$100 - $149,"""10 - 49""","Jacksonville,",FL,https://clutch.co/profile/station-four,http://www.stationfour.com/,adurham@stationfour.com,"
904-399-3219 "
Top Draw , Undisclosed,5,$150 - $199,"""10 - 49""","Edmonton,",None,https://clutch.co/profile/top-draw,http://www.topdraw.com,salesteam@topdraw.com,"
+1.780.429.9993 "
mohi.to, Undisclosed,4.8,$50 - $99,"""10 - 49""","Wroclaw,",None,https://clutch.co/profile/mohito,https://en.mohi.to/,hello@mohi.to,"
+48 501 048 944 "
Adchitects," $5,000+ ",4.9,$50 - $99,"""10 - 49""","Poznan,",None,https://clutch.co/profile/adchitects,http://adchitects.co/websites/,hello@adchitects.co,"
+48.602.128.664 "
MAXBURST, Undisclosed,4.8,$100 - $149,"""10 - 49""","Farmingdale,",NY,https://clutch.co/profile/maxburst,http://www.maxburst.com,design@maxburst.com,"
631.293.9100 "
"Reigns Technologies, Inc."," $1,000+ ",5,< $25,"""2 - 9""","Ahmedabad,",None,https://clutch.co/profile/reigns-technologies,http://www.reignstechnologies.com,info@reignstechnologies.com,"
 "
Forge and Smith," $10,000+ ",5,$100 - $149,"""10 - 49""","New Westminster,",None,https://clutch.co/profile/forge-smith,http://forgeandsmith.com,contact@forgeandsmith.com,"
778.397.0984 "
cre8," $10,000+ ",4.8,$100 - $149,"""2 - 9""","Chicago,",IL,https://clutch.co/profile/cre8,http://www.cre8media.com,info@cre8media.com,"
312.315.3335 "
eCreations," $10,000+ ",5,$100 - $149,"""10 - 49""","Phoenix,",AZ,https://clutch.co/profile/ecreations,https://www.ecreations.net/,info@ecreations.net,"
623.434.1622 "
Liqui-Site," $1,000+ ",4.8,$150 - $199,"""10 - 49""","Hoboken,",NJ,https://clutch.co/profile/liqui-site,http://www.liqui-site.com,info@liqui-site.com,"
845.353.7771 "
Xplode Marketing, Undisclosed,5,$100 - $149,"""2 - 9""","Sarasota,",FL,https://clutch.co/profile/xplode-marketing,http://www.xplodemarketing.com,info@xplodemarketing.com,"
941.585.0009 "
HyperArts, Undisclosed,5,$100 - $149,"""2 - 9""","Oakland,",CA,https://clutch.co/profile/hyperarts,http://www.hyperarts.com/,tim@hyperarts.com,"
510.339.6084 "
TeliApp Corporation," $25,000+ ",5,$50 - $99,"""10 - 49""","Linden,",NJ,https://clutch.co/profile/teliapp-corporation,http://www.teliapp.com,development@teliapp.com,"
732-354-1773 "
Apollo Matrix Inc. ," $25,000+ ",4.6,$100 - $149,"""10 - 49""","Bethesda,",MD,https://clutch.co/profile/apollo,http://www.apollomatrix.com,pete@apollomatrix.com,"
202.643.0711 "
BrandHoot," $25,000+ ",5,$100 - $149,"""10 - 49""","Rochester,",MN,https://clutch.co/profile/brandhoot,http://www.brandhoot.com/,hello@brandhoot.com,"
507.301.6695 "
Gensofts Infosolutions," $1,000+ ",4.7,$25 - $49,"""10 - 49""","Noida,",None,https://clutch.co/profile/gensofts-infosolutions,http://www.gensoftsindia.com/,projects@gensofts.net,"
+91.935.082.1387 "
"EVNE Developers, LLC"," $5,000+ ",5,$25 - $49,"""10 - 49""","Kropivnitskiy,",None,https://clutch.co/profile/evne-developers,http://evnedev.com,sales@evnedev.com,"
+380522279716 "
Kurzor," $1,000+ ",4,$25 - $49,"""10 - 49""","Brno,",None,https://clutch.co/profile/kurzor,http://www.kurzor.co.uk,gogolin@kurzor.net,"
+420 776 346 943 "
Ambition Insight, Undisclosed,5,$100 - $149,"""2 - 9""","Fort Lauderdale,",FL,https://clutch.co/profile/ambition-insight,http://www.ambitioninsight.com/,brett@ambitioninsight.com,"
203.233.1686 "
MightyMatics," $1,000+ ",5,$25 - $49,"""10 - 49""","Grodno,",None,https://clutch.co/profile/mightymatics,http://mightymatics.com/,info@mightymatics.com,"
+375295844470 "
WebTek, Undisclosed,5,$50 - $99,"""10 - 49""","Ephrata,",PA,https://clutch.co/profile/webtek,http://www.webtekcc.com,sales@webtek.cc,"
717.859.3250 "
Active Webdezign ltd.," $1,000+ ",5,$100 - $149,"""2 - 9""","London,",None,https://clutch.co/profile/active-webdezign,http://www.webdezign.co.uk,info@webdezign.co.uk,"
020 8446 1515 "
Spigot Design, Undisclosed,5,$50 - $99,"""2 - 9""","Park City,",UT,https://clutch.co/profile/spigot-design,http://spigotdesign.com/,info@spigotdesign.com,"
435.729.9284 "
Inpsyde, Undisclosed,4.5,$100 - $149,"""10 - 49""","Bergisch-Gladbach,",None,https://clutch.co/profile/inpsyde,http://www.inpsyde.com,info@inpsyde.com,"
+49 2202 817 90-0 "
ArtDriver, Undisclosed,4.7,$50 - $99,"""2 - 9""","Washington,",DC,https://clutch.co/profile/artdriver,http://www.artdriver.com,contact@artdriver.com,"
202.657.6030 "
Blue Group Solutions," $5,000+ ",5,$50 - $99,"""10 - 49""","Indianapolis,",IN,https://clutch.co/profile/blue-group-solutions,http://bluegroupsolutions.com,info@bluegroupsolutions.com,"
317.728.9159 "
Fooz," $1,000+ ",4.5,$25 - $49,"""2 - 9""","Katowice,",None,https://clutch.co/profile/fooz,http://foozagency.com,michal@foozagency.com,"
+48517151829 "
digiTech," $10,000+ ",4.8,$150 - $199,"""10 - 49""","Austin,",TX,https://clutch.co/profile/digitech,https://www.digitechwebdesignaustin.com,info@digitechaustin.com,"
(512) 653-3003 "
Alliance Interactive," $25,000+ ",4.9,$100 - $149,"""10 - 49""","Washington,",DC,https://clutch.co/profile/alliance-interactive,https://www.allianceinteractive.com/,info@allianceinteractive.com,"
1.202.350.9020 "
CHRS Interactive, Undisclosed,5,$50 - $99,"""2 - 9""","Burbank,",CA,https://clutch.co/profile/chrs-interactive,http://www.chrsinteractive.com,hello@chrsinteractive.com,"
818.568.4798 "
Programmers.io," $5,000+ ",4.8,< $25,"""10 - 49""","Dallas,",TX,https://clutch.co/profile/programmersio,http://www.programmers.io/,,"
+1-800-600-5822 "
"Scarlett's Web, Inc.", Undisclosed,5,$100 - $149,"""2 - 9""","Gastonia,",NC,https://clutch.co/profile/scarletts-web,http://scarletts-web.com,sales@scarletts-web.com,"
704.861.2400 "
DOTh Inc.," $5,000+ ",5,$50 - $99,"""10 - 49""","Mississauga,",None,https://clutch.co/profile/doth,http://www.dothsolutions.com,info@dothsolutions.com,"
4168443534 "
Software for Good, Undisclosed,4.7,$100 - $149,"""10 - 49""","Minneapolis,",MN,https://clutch.co/profile/software-good,http://softwareforgood.com,hello@softwareforgood.com,"
612.207.6622 "
Artkai," $5,000+ ",4.8,$50 - $99,"""10 - 49""","Kyiv,",None,https://clutch.co/profile/artkai,https://goo.gl/CnAALB,hello@artkaidesign.com,"
 "
ADHOC ," $1,000+ ",5,$25 - $49,"""2 - 9""","Krakow,",None,https://clutch.co/profile/adhoc,http://www.adhoc.agency,hello@adhoc.agency,"
+48 510 863 567 "
FLOOPEN STUDIO," $5,000+ ",5,None,"""10 - 49""","Yerevan,",None,https://clutch.co/profile/floopen-studio,http://www.floopen.com,info@floopen.com,"
+37494519901 "
Millennial Web Development," $1,000+ ",4.9,$100 - $149,"""2 - 9""","Chicago,",IL,https://clutch.co/profile/millennial-web-development,http://www.millennialwebdevelopment.com,contact@millennialwebdevelopment.com,"
(773) 789-7558 "
Wabodryms IT Solutions," $1,000+ ",5,$25 - $49,"""10 - 49""","Ahmedabad,",None,https://clutch.co/profile/wabodryms-it-solutions,http://wabodryms.com,sales@wabodryms.com,"
 "
eSparkBiz Technologies Pvt. Ltd.," $5,000+ ",4.8,$25 - $49,"""50 - 249""","Ahmedabad,",None,https://clutch.co/profile/esparkbiz-technologies,http://www.esparkinfo.com/,info@esparkinfo.com,"
408-850-1488 "
Navigation North," $75,000+ ",5,None,"""2 - 9""","Chico,",CA,https://clutch.co/profile/navigation-north,https://www.navigationnorth.com,hello@navigationnorth.com,"
530.636.4589 "
Intelligent Clout," $5,000+ ",5,$50 - $99,"""2 - 9""","Los Angeles,",CA,https://clutch.co/profile/intelligent-clout,http://www.inclout.com,vladas@inclout.com,"
323.388.3654 "
Memorres," $5,000+ ",5,$25 - $49,"""10 - 49""","Jaipur,",None,https://clutch.co/profile/memorres,http://memorres.com/,ranjana@memorres.com,"
9950154777 "
Axelerant," $5,000+ ",4,$50 - $99,"""50 - 249""","Atlanta,",GA,https://clutch.co/profile/axelerant,http://axelerant.com,michael@axelerant.com,"
678 935 7435 "
Moonstone Interactive," $25,000+ ",5,$150 - $199,"""10 - 49""","San Ramon,",CA,https://clutch.co/profile/moonstone-interactive,https://www.msinteractive.com/,contact@msinteractive.com,"
866-246-9091 "
Zbra Studios," $10,000+ ",5,$100 - $149,"""2 - 9""","Los Angeles,",CA,https://clutch.co/profile/zbra-studios,http://www.zbrastudios.com/,information@zbrastudios.com,"
323-661-9272 "
BLAKIT," $1,000+ ",5,$25 - $49,"""10 - 49""","Minsk,",None,https://clutch.co/profile/blakit,https://blak-it.com/,hello@blak-it.com,"
+37533 657-17-84 "
Expansio," $10,000+ ",5,$50 - $99,"""2 - 9""","Pozna,",None,https://clutch.co/profile/expansio,http://www.expans.io,office@expansio.pl,"
 "
Elevated Web Design," $5,000+ ",5,$50 - $99,"""2 - 9""","Fairfax,",VA,https://clutch.co/profile/elevated-web-design,https://www.elevatedwebdesign.com/,info@elevatedwebdesign.com,"
703-634-3379 "
Vrrb Interactive," $10,000+ ",4.5,$100 - $149,"""10 - 49""","West Hollywood,",CA,https://clutch.co/profile/vrrb-interactive,http://www.vrrb.com,info@vrrb.com,"
888.988.8772 "
StatenWeb, Undisclosed,5,$50 - $99,"""2 - 9""","Staten Island,",NY,https://clutch.co/profile/statenweb,http://statenweb.com,mat@statenweb.com,"
718.569.8123 "
80Port," $5,000+ ",5,$100 - $149,"""2 - 9""","Washington,",DC,https://clutch.co/profile/80port,http://The80Port.com,Tim@the80port.com,"
240-731-0596 "
Netlings , Undisclosed,4.3,< $25,"""10 - 49""","Delhi,",None,https://clutch.co/profile/netlings,http://www.netlingshq.com,support@netlingshq.com,"
011-42263490 "
Eggs Media," $1,000+ ",4.8,$25 - $49,"""2 - 9""","Toronto,",None,https://clutch.co/profile/eggs-media,https://eggsmedia.com,info@eggsmedia.com,"
647.349.7046 "
TIS India, Undisclosed,5,< $25,"""50 - 249""","Noida,",None,https://clutch.co/profile/tis-india,http://www.tisindia.com,prateek@tisindia.com,"
+91.99.7117.7245 "
Nicasio Design & Development, Undisclosed,4.6,$150 - $199,"""2 - 9""","Savannah ,",GA,https://clutch.co/profile/nicasio-design-development,http://www.nicasiodesign.com,felix@nicasiodesign.com,"
912.292.1716 "
DigitalUs ," $50,000+ ",5,$150 - $199,"""50 - 249""","Orlando,",FL,https://clutch.co/profile/digitalus,http://www.digitalus.com,sales@digitalus.com,"
407-898-1961 "
CTI Digital," $10,000+ ",4,$100 - $149,"""50 - 249""","Manchester,",None,https://clutch.co/profile/cti-digital,http://www.ctidigital.com/,hello@ctidigital.com,"
+44 84 5620 0014 "
Eclipse + DDG, Undisclosed,4.8,$100 - $149,"""2 - 9""","Portland,",OR,https://clutch.co/profile/eclipse-ddg,http://doreydesigngroup.com/,info@doreydesigngroup.com,"
503.914.6495 "
Ape Unit," $25,000+ ",4.8,$100 - $149,"""10 - 49""","Berlin,",None,https://clutch.co/profile/ape-unit,http://www.apeunit.com/en,office@apeunit.com,"
+49 (0) 30 306 490 10 "
Clap Creative, Undisclosed,4.6,$50 - $99,"""2 - 9""","Thousand Oaks,",CA,https://clutch.co/profile/clap-creative,http://www.clapcreative.com,info@clapcreative.com,"
323.863.2896 "
Enchanter Corporation Private Limited," $5,000+ ",5,$25 - $49,"""10 - 49""","Chennai,",None,https://clutch.co/profile/enchanter-corporation-private,https://enchanter.us,accounts@enchanter.in,"
+91.9962258561 "
Grad Agency," $1,000+ ",5,< $25,"""2 - 9""","Warsaw,",None,https://clutch.co/profile/grad-agency,https://grad-agency.com,contact@grad-agency.com,"
+48888030334 "
Tension Design, Undisclosed,4.9,$100 - $149,"""2 - 9""","Glendale,",AZ,https://clutch.co/profile/tension-design,http://www.tensiondesign.com/,goodstuff@tensiondesign.com,"
480.269.6164 "
Coalesce," $5,000+ ",4.9,$150 - $199,"""10 - 49""","New York,",NY,https://clutch.co/profile/coalesce,http://www.coalesce.nyc,hello@coalesce.nyc,"
646.405.4888 "
Studio Umbrella Inc., Undisclosed,4.8,$100 - $149,"""2 - 9""","Los Angeles,",CA,https://clutch.co/profile/studio-umbrella,http://www.studioumbrella.com,hello@studioumbrella.com,"
+1.323.763.0503 "
The Story Web Design & Marketing," $5,000+ ",5,$50 - $99,"""2 - 9""","Toronto,",None,https://clutch.co/profile/story-web-design-marketing,http://thestorywebs.com,trevor@thestorywebsites.com,"
647.723.7046 "
Twirling Umbrellas," $5,000+ ",5,$100 - $149,"""2 - 9""","Kelowna,",None,https://clutch.co/profile/twirling-umbrellas,https://www.twirlingumbrellas.com/,hello@twirlingumbrellas.com,"
778.484.5540 "
Noble Pixels," $10,000+ ",4.8,$100 - $149,"""2 - 9""","Toronto,",None,https://clutch.co/profile/noble-pixels,http://noblepixels.ca,info@noblepixels.com,"
+1 844-818-4321 "
Perfection Infoweb," $1,000+ ",4.8,< $25,"""10 - 49""","Ahmedabad,",None,https://clutch.co/profile/perfection-infoweb,http://www.perfectioninfo.com,sales@perfectioninfo.com,"
+91.992.454.6764 "
Noble Intent Studio," $5,000+ ",5,$100 - $149,"""2 - 9""","San Diego,",CA,https://clutch.co/profile/noble-intent-studio,https://nobleintentstudio.com/,info@nobleintentstudio.com,"
+1.619.719.1769 "
Adequate Web Solutions, Undisclosed,5,< $25,"""2 - 9""","Ahmedabad,",None,https://clutch.co/profile/adequate-web-solutions,http://www.adequatewebsolutions.com/,info@adequatewebsolutions.com,"
 "
Planeteria, Undisclosed,4.5,None,"""10 - 49""","Santa Rosa,",CA,https://clutch.co/profile/planeteria,http://www.planeteria.com/,sales@planeteria.com,"
707.843.3773 "
Indigo Image," $10,000+ ",5,$100 - $149,"""2 - 9""","Lancaster,",PA,https://clutch.co/profile/indigo-image,http://www.indigoimage.com,info@indigoimage.com,"
636.795.7988 "
The Design People," $5,000+ ",4.5,$50 - $99,"""50 - 249""","El Segundo,",CA,https://clutch.co/profile/design-people,http://thedesignpeople.com,info@thedesignpeople.com,"
800.850.7707 "
Vordik Digital," $1,000+ ",5,$100 - $149,"""10 - 49""","Toronto,",None,https://clutch.co/profile/vordik-digital,http://vordik.com/,hello@vordik.com,"
855.867.3451 "
Skyhound Internet," $5,000+ ",4.9,$50 - $99,"""2 - 9""","La Palma,",CA,https://clutch.co/profile/skyhound-internet,https://www.skyhoundinternet.com/,webservices@skyhound.net,"
+1.562.308.1483 "
Geeky Devils Web Solutions," $5,000+ ",4.7,$50 - $99,"""2 - 9""","Seattle,",WA,https://clutch.co/profile/geeky-devils-web-solutions,http://www.geekydevils.com,info@geekydevils.com,"
206.432.7963 "
Limegrow Web Development," $5,000+ ",5,$50 - $99,"""10 - 49""","Tallinn,",None,https://clutch.co/profile/limegrow-web-development,https://limegrow.com/,hello@limegrow.com,"
+372 686-3330 "
MPC Studios, Undisclosed,4.9,$150 - $199,"""2 - 9""","McAllen,",TX,https://clutch.co/profile/mpc-studios,http://www.mpcstudios.com,domains@mpcstudios.com,"
956.423.2233 "
"Agency,Mai?"," $5,000+ ",5,$100 - $149,"""2 - 9""","London,",None,https://clutch.co/profile/agencymai,http://agencymai.com/,questions@agencymai.com,"
 "
Fiat Insight, Undisclosed,4.8,$100 - $149,"""2 - 9""","Potomac Falls,",VA,https://clutch.co/profile/fiat-insight,http://fiatinsight.com,andrew@fiatinsight.com,"
703.475.5779 "
"VisionSnap, Inc."," $5,000+ ",4.9,$100 - $149,"""2 - 9""","Seattle,",WA,https://clutch.co/profile/visionsnap,https://www.visionsnap.com,info@visionsnap.com,"
206.552.9322 "
iTec Web Solutions ," $5,000+ ",4.9,$50 - $99,"""2 - 9""","Reston,",VA,https://clutch.co/profile/itec-web-solutions,http://www.itec.media/,info@itec.media,"
800.994.0074 "
Hermitcrabs Technologies," $5,000+ ",4.5,$25 - $49,"""2 - 9""","Singapore,",None,https://clutch.co/profile/hermitcrabs-technologies,http://www.hermitcrabs.io,info@hermitcrabs.io,"
+65 8305 4764 "
TXCAPstudio," $5,000+ ",5,$50 - $99,"""2 - 9""","Austin,",TX,https://clutch.co/profile/txcapstudio,https://txcapstudio.com,dylan@txcapstudio.com,"
512.943.6515 "
Ralph Walker Designs, Undisclosed,5,$100 - $149,"""2 - 9""","Detroit,",MI,https://clutch.co/profile/ralph-walker-designs,http://www.ralphwalkerdesigns.com,info@ralphwalkerdesigns.com,"
(313) 305-0705 "
HyQuality," $10,000+ ",4.9,None,"""2 - 9""","New York,",NY,https://clutch.co/profile/hyquality,http://hyquality.com,hello@hyquality.com,"
212-671-2966 "
ShineForth," $5,000+ ",5,$50 - $99,"""2 - 9""","Omaha,",NE,https://clutch.co/profile/shineforth,https://www.shineforth.co,hello@shineforth.co,"
 "
Ascender Studios, Undisclosed,4.5,$100 - $149,"""2 - 9""","New York,",NY,https://clutch.co/profile/ascender-studios,http://www.ascenderstudios.com,hi@ascenderstudios.com,"
 "
kevinleary.net," $10,000+ ",4.8,$100 - $149,"""Freelancer""","Boston,",MA,https://clutch.co/profile/kevinlearynet,https://www.kevinleary.net,info@kevinleary.net,"
 "
Maintaingo," $1,000+ ",5,$100 - $149,"""2 - 9""","Seattle,",WA,https://clutch.co/profile/maintaingo,https://maintaingo.com,hello@maintaingo.com,"
206.429.6060 "
WhatArmy," $5,000+ ",5,$100 - $149,"""2 - 9""","Bedford,",MA,https://clutch.co/profile/whatarmy,http://whatarmy.com,sales@whatarmy.com,"
 "
Skynix," $1,000+ ",5,$25 - $49,"""10 - 49""","Kyiv,",None,https://clutch.co/profile/skynix,https://skynix.company,bogdan.kushlyk@skynix.co,"
 "
Soap Effect Studios, Undisclosed,5,$100 - $149,"""2 - 9""","Erie,",PA,https://clutch.co/profile/soap-effect-studios,http://soapeffect.com,marketing@soapeffect.com,"
814-636-1115 "
Proleadsoft," $1,000+ ",5,$150 - $199,"""10 - 49""","San Francisco,",CA,https://clutch.co/profile/proleadsoft,http://www.proleadsoft.com/,info@proleadsoft.com,"
415-723-0776 "
Goldweb Solutions," $5,000+ ",4.8,< $25,"""10 - 49""","Lviv,",None,https://clutch.co/profile/goldweb-solutions,https://goldwebsolutions.com/,goldweb.sales@gmail.com,"
+380 67 675 58 37 "
Divwy Technologies," $1,000+ ",5,$25 - $49,"""2 - 9""","Ahmedabad,",None,https://clutch.co/profile/divwy-technologies,http://www.divwytechnologies.com/,sales@divwytechnologies.com,"
 "
E2developers," $1,000+ ",4.8,< $25,"""10 - 49""","Ghaziabad,",None,https://clutch.co/profile/e2developers,http://e2developers.com/,e2developersindia@gmail.com,"
9953436900 "
Raison," $10,000+ ",4.9,$100 - $149,"""2 - 9""","Brighton,",None,https://clutch.co/profile/raison,https://raison.co/,elliot@raison.co,"
+44 77 5268 4653 "
"JH Consulting, Inc."," $1,000+ ",5,$50 - $99,"""Freelancer""","Buckeye,",AZ,https://clutch.co/profile/jh-consulting,https://www.julianahughes.com,juliana@julianahughes.com,"
480-686-2200 "
DRC Systems," $5,000+ ",3.7,< $25,"""50 - 249""","Ahmedabad,",None,https://clutch.co/profile/drc-systems,http://www.drcsystems.com,info@drcsystems.com,"
+91-79-67772222 "
Glorywebs," $10,000+ ",4.3,< $25,"""10 - 49""","Harrisburg,",PA,https://clutch.co/profile/glorywebs,http://www.glorywebs.com,sales@glorywebs.com,"
717-207-7706 "
Urteam," $1,000+ ",5,$25 - $49,"""2 - 9""","Bristol,",None,https://clutch.co/profile/urteam,http://www.urteam.uk,hello@urteam.uk,"
 "
IndyLogix Solutions," $1,000+ ",4.8,< $25,"""10 - 49""","Harris Park,",None,https://clutch.co/profile/indylogix-solutions,https://indylogix.com/,info@indylogix.com,"
0435 098 279  "
7th Floor Studio," $10,000+ ",5,None,"""2 - 9""","Atlanta,",GA,https://clutch.co/profile/7th-floor-studio,https://www.7thfloorstudio.com,info@7thfloorstudio.com,"
404.937.6554 "
SERF company," $1,000+ ",3.5,< $25,"""50 - 249""","Kharkov,",None,https://clutch.co/profile/serf-company,http://www.serfcompany.com,promotion.serfcompany@gmail.com,"
+380668953680 "
Lifeisgoodlabs," $5,000+ ",5,$25 - $49,"""2 - 9""","Kiev,",None,https://clutch.co/profile/lifeisgoodlabs,https://www.lifeisgoodlabs.com,eugene@lifeisgoodlabs.com,"
+380967649199  "
InSpirito, Undisclosed,4.5,< $25,"""10 - 49""","L'viv,",None,https://clutch.co/profile/inspirito,https://inspiri.to/,info@inspiri.to,"
+380.95.126.23.78 "
Insite Creative - Out of Business, Undisclosed,5,$50 - $99,"""2 - 9""","Lindenhurst,",NY,https://clutch.co/profile/insite-creative-out-business,http://insitelongisland.com/,info@insitelongisland.com,"
631-595-5529 "
Phase2 ," $10,000+ ",None,$150 - $199,"""50 - 249""","Alexandria,",VA,https://clutch.co/profile/phase2,https://www.phase2technology.com/,info@phase2technology.com,"
703.548.6050 "
Risdall, Undisclosed,None,$100 - $149,"""10 - 49""","New Brighton,",MN,https://clutch.co/profile/risdall,http://www.risdall.com/,info@risdall.com,"
888.747.3255 "
"WebEnertia, Inc."," $25,000+ ",None,$100 - $149,"""50 - 249""","San Jose,",CA,https://clutch.co/profile/webenertia,https://www.webenertia.com,info@webenertia.com,"
(408)246-0000 "
Dupont Creative, Undisclosed,None,$150 - $199,"""10 - 49""","Washington,",DC,https://clutch.co/profile/dupont-creative,http://www.dupontcreative.com/,dc@dupontcreative.com,"
202.554.2200 "
Official Gates Technologies Private Limited," $1,000+ ",None,$25 - $49,"""50 - 249""","Chennai,",None,https://clutch.co/profile/official-gates-technologies-private,http://www.officialgates.com,support@officialgates.com,"
91.44.6461.2526 "
Brave River," $5,000+ ",None,None,"""50 - 249""","Warwick,",RI,https://clutch.co/profile/brave-river,https://www.braveriver.com/,info@braveriver.com,"
401.828.6611 "
OCTAGRAM," $5,000+ ",None,$50 - $99,"""2 - 9""","Craiova,",None,https://clutch.co/profile/octagram,http://www.octagram.ro,office@octagram.ro,"
0040721060004 "
Eri Design," $5,000+ ",None,$100 - $149,"""2 - 9""","Worcester,",MA,https://clutch.co/profile/eri-design,https://www.eridesignstudio.com/,info@eridesign.com,"
508.459.1552 "
Authorselvi, Undisclosed,None,$25 - $49,"""10 - 49""","Vellore,",None,https://clutch.co/profile/authorselvi,http://www.authorselvi.com/,info@authorselvi.com,"
0416.225.2071 "
The Coding Bull," $5,000+ ",None,$100 - $149,"""10 - 49""","Vancouver,",None,https://clutch.co/profile/coding-bull,https://thecodingbull.com/,info@thecodingbull.com,"
604.398.3222 "
IPIX Technologies, Undisclosed,None,$50 - $99,"""10 - 49""","Dubai,",None,https://clutch.co/profile/ipix-technologies-0,https://www.ipixtechnologies.com/,enquiry@ipixtechnologies.com,"
+971 52 935 6547 "
Elm City Web, Undisclosed,None,$50 - $99,"""2 - 9""","New Bern,",CT,https://clutch.co/profile/elm-city-web,http://ElmCityWeb.com,chris@elmcityweb.com,"
203.668.4575 "
Utopian Designs & Marketing," $1,000+ ",None,$50 - $99,"""2 - 9""","Montreal,",None,https://clutch.co/profile/utopian-designs-marketing,https://utopiandesigns.co,sales@utopiandesigns.co,"
 "
Daylight Studio, Undisclosed,None,$100 - $149,"""10 - 49""","Portland,",OR,https://clutch.co/profile/daylight-studio,http://thedaylightstudio.com/,hello@bydaylight.com,"
844.432.9548 "
Gravitate Design, Undisclosed,None,$100 - $149,"""10 - 49""","Vancouver,",WA,https://clutch.co/profile/gravitate-design,https://www.gravitatedesign.com/,hello@gravitatedesign.com,"
888.641.7313 "
Mad Mind Studios, Undisclosed,None,None,"""2 - 9""","Los Angeles,",CA,https://clutch.co/profile/mad-mind-studios,http://www.madmindstudios.com,info@madmindstudios.com,"
310.402.1613 "
iwebsitez.com," $1,000+ ",None,$25 - $49,"""Freelancer""","Bognor Regis,",None,https://clutch.co/profile/iwebsitezcom,https://iwebsitez.com,support@iwebsitez.com,"
01243 866010 "
Infinite Leap," $5,000+ ",None,$25 - $49,"""10 - 49""","Novi Sad,",None,https://clutch.co/profile/infinite-leap,http://www.infiniteleap.co,hi@infiniteleap.co,"
 "
bleech," $10,000+ ",None,$50 - $99,"""10 - 49""","Berlin ,",None,https://clutch.co/profile/bleech,https://bleech.de/,hello@bleech.de,"
+4930 4401 7947 "
Gooey Creative," $10,000+ ",None,$150 - $199,"""10 - 49""","Manchester ,",None,https://clutch.co/profile/gooey-creative,https://www.abitgooey.com/,hello@abitgooey.com,"
+44 0161.2373.114 "
Dagamma," $1,000+ ",None,< $25,"""10 - 49""","Kiev,",None,https://clutch.co/profile/dagamma,http://dagam.ma,info@dagam.ma,"
+380974879626 "
WEBNWARE INFO SOLUTION PVT. LTD," $1,000+ ",None,< $25,"""10 - 49""","JAIPUR,",None,https://clutch.co/profile/webnware-info-solution,http://WWW.WEBNWARE.COM,support@w3speedup.com,"
 "
deco.agency," $10,000+ ",None,$25 - $49,"""10 - 49""","Kyiv,",None,https://clutch.co/profile/decoagency,https://deco.agency,hello@deco.agency,"
+380443872607 "
Digital8," $5,000+ ",None,$100 - $149,"""10 - 49""","South Brisbane,",None,https://clutch.co/profile/digital8,https://digital8.com.au/,sales@digital8.com.au,"
1300 382 777 "
10up," $75,000+ ",None,$150 - $199,"""50 - 249""","Sacramento,",None,https://clutch.co/profile/10up,https://10up.com/,sales@10up.com,"
888.571.7130 "
Impact Media," $10,000+ ",None,$150 - $199,"""2 - 9""","Wickford,",None,https://clutch.co/profile/impact-media,https://www.impactmedia.co.uk/,studio@impactmedia.co.uk,"
01268 858292 "
Deluxcode," $1,000+ ",None,$25 - $49,"""10 - 49""","kharkiv,",None,https://clutch.co/profile/deluxcode,http://www.deluxcode.com/,hello@deluxcode.com,"
+380660024742 "
Metaglyphics," $5,000+ ",None,$50 - $99,"""2 - 9""","Sherman Oaks,",CA,https://clutch.co/profile/metaglyphics,https://metaglyphics.com/,info@metaglyphics.com,"
818.385.0102 "
NEO IITS, Undisclosed,None,< $25,"""2 - 9""","Kothrud Pune ,",None,https://clutch.co/profile/neo-iits,http://neoiits.com/,support@neoiits.com,"
 "
CoderKube Technologies," $1,000+ ",None,< $25,"""10 - 49""","Dubai,",None,https://clutch.co/profile/coderkube-technologies,http://www.coderkube.com,info@coderkube.com,"
(+971)54 509 6260 "
Pongos Interactive," $1,000+ ",None,$50 - $99,"""2 - 9""","Crofton,",MD,https://clutch.co/profile/pongos-interactive,https://pongos.com/,,"
301.789.1815 "
Codee," $1,000+ ",None,$25 - $49,"""2 - 9""","Wrocaw,",None,https://clutch.co/profile/codee,https://iamcodee.co/,hello@iamcodee.co,"
+48501155812 "
 Cut2Code," $1,000+ ",None,$25 - $49,"""2 - 9""","Wroclaw,",None,https://clutch.co/profile/cut2code,https://cut2code.com,contact@cut2code.com,"
 "
EchoTech Group ," $10,000+ ",None,$100 - $149,"""10 - 49""","Woodland Hills,",CA,https://clutch.co/profile/echotech-group,http://echotechgroup.com/,info@echotechgroup.com,"
818.351.7200 "
Awebia LLC," $1,000+ ",None,$25 - $49,"""10 - 49""","Kiev,",None,https://clutch.co/profile/awebia,http://awebia.com,vs@awebia.com,"
+1.347.509.5555 "
yWPress, Undisclosed,None,< $25,"""50 - 249""","Ahmedabad,",None,https://clutch.co/profile/ywpress,http://www.ywpress.com/,sales@ywpress.com,"
 "
Vinsofts, Undisclosed,None,< $25,"""50 - 249""",None,None,https://clutch.co/profile/vinsofts,http://vinsofts.com,info@vinsofts.com,"
+84-04-6259-3148 "
POP Interactive," $5,000+ ",None,None,"""2 - 9""","San Francisco,",CA,https://clutch.co/profile/pop-interactive,http://www.popinteractive.com,info@popinteractive.com,"
415.439.5900 "
"YIKES, Inc.", Undisclosed,None,$150 - $199,"""2 - 9""","Philadelphia,",PA,https://clutch.co/profile/yikes,http://www.yikesinc.com/,info@yikesinc.com,"
215.238.8801 "
WPoets Technology LLP," $10,000+ ",None,$50 - $99,"""10 - 49""","Kalyani,",None,https://clutch.co/profile/wpoets-technology-llp,https://www.wpoets.com/,savita@wpoets.com,"
+91.9860697073 "
93digital," $25,000+ ",None,$100 - $149,"""10 - 49""","London ,",None,https://clutch.co/profile/93digital%C2%AE,https://93digital.co.uk/,info@93digital.co.uk,"
+44.20.3735.9930 "
Trimark Marketing Group," $10,000+ ",None,$100 - $149,"""2 - 9""","Burbank ,",CA,https://clutch.co/profile/trimark-marketing-group,http://trimarkfirm.com/,info@trimarkfirm.com,"
818.848.2858 "
Saturncube Technologies," $5,000+ ",None,< $25,"""10 - 49""","Ahmedabad,",None,https://clutch.co/profile/saturncube-technologies,http://www.saturncube.com,info@saturncube.com,"
 "
Key Software Services," $1,000+ ",None,$25 - $49,"""10 - 49""","Gurgaon ,",None,https://clutch.co/profile/key-software-services,http://keysoftwareservices.co.in/,info@keyss.in,"
+91 (1744) 312501 "
Seguro Technologies," $1,000+ ",None,< $25,"""10 - 49""","Indianapolis,",IN,https://clutch.co/profile/seguro-technologies,http://www.segurotechnologies.com,enquiries@segurotechnologies.com,"
+1 (317) 701-3647 "
Modern Interface," $5,000+ ",None,$100 - $149,"""2 - 9""","Portland,",OR,https://clutch.co/profile/modern-interface,https://moderninterface.com/,info@moderninterface.com,"
+1.503.241.8234 "
InCuca," $1,000+ ",None,$100 - $149,"""10 - 49""","Florianpolis,",None,https://clutch.co/profile/incuca,https://incuca.net/,xoan.incuca@gmail.com,"
+55 (48) 99868-6178 "
SpecScale," $1,000+ ",None,< $25,"""10 - 49""",None,None,https://clutch.co/profile/specscale,http://www.specscale.com,info@specscale.com,"
+91 78 78 32 92 30 "
Sankhala Info Solutions, Undisclosed,None,< $25,"""10 - 49""","Surat,",None,https://clutch.co/profile/sankhala-info-solutions,http://www.sankhalainfo.co.in,sales@sankhalainfo.co.in,"
8238754252 "
Web Advanced ," $10,000+ ",None,$100 - $149,"""10 - 49""","Irvine,",CA,https://clutch.co/profile/web-advanced,https://www.webadvanced.com/,info@webadvanced.com,"
888.261.7414 "
Ngage Studios," $1,000+ ",None,< $25,"""2 - 9""","Ahmedabad,",None,https://clutch.co/profile/ngage-studios,http://www.ngagestudios.com/,niraj@ngagestudios.com,"
8000125346 "
TopNotch Innovative Technologies," $1,000+ ",None,$100 - $149,"""10 - 49""",None,None,https://clutch.co/profile/topnotch-innovative-technologies,https://www.topnotchinv.com/,info@topnotchinv.com,"
 "
Briny Infoway," $1,000+ ",None,< $25,"""10 - 49""","Ahemadabad,",None,https://clutch.co/profile/briny-infoway,http://www.brinyinfoway.com/,vikrant@brinyinfoway.com,"
96 2445 3545 "
JoomDev Software Solution," $1,000+ ",None,< $25,"""2 - 9""","New Delhi,",None,https://clutch.co/profile/joomdev-software-solution,https://www.joomdev.com/,info@joomdev.com,"
+91.11.4507.0504 "
Yo Creativ," $1,000+ ",None,< $25,"""10 - 49""",None,None,https://clutch.co/profile/yo-creativ,https://www.yocreativ.com/,amit.khare@yocreativ.com,"
 "
WPExperts," $1,000+ ",None,$50 - $99,"""50 - 249""","Karashi,",None,https://clutch.co/profile/wpexperts,https://wpexperts.io,contact@wpexperts.io,"
 "
Superskrypt," $5,000+ ",None,$25 - $49,"""10 - 49""","Warsaw,",None,https://clutch.co/profile/superskrypt,https://superskrypt.pl,info@superskrypt.pl,"
 "
One & Zero," $5,000+ ",None,$200 - $300,"""10 - 49""","New York,",NY,https://clutch.co/profile/one-zero,https://onezeronyc.com,info@onezeronyc.com,"
646.942.1656 "
WebbyMonks," $1,000+ ",None,< $25,"""250 - 999""","Adalaj,",None,https://clutch.co/profile/webbymonks,https://webbymonks.com/,neil@webbymonks.com,"
213.674.6665. "
Usernet," $1,000+ ",None,$25 - $49,"""2 - 9""","Budapest,",None,https://clutch.co/profile/usernet,https://www.usernet.hu,info@usernet.hu,"
(+36) 70 318 7474 "
Wolfgang Web," $5,000+ ",None,$100 - $149,"""2 - 9""","Austin,",TX,https://clutch.co/profile/wolfgang-web,http://wolfgangweb.net/,jared@wolfgangweb.net,"
 "
DC DEV SHOP," $5,000+ ",None,$50 - $99,"""2 - 9""","Washington,",DC,https://clutch.co/profile/dc-dev-shop,http://www.dcdevshop.com,hello@dcdevshop.com,"
(833) 338-7467 "
ACS Creative," $5,000+ ",None,$100 - $149,"""10 - 49""","Germantown,",MD,https://clutch.co/profile/acs-creative,https://www.acscreative.com/,chris.howell@acscreative.com,"
301-528-5575 "
OMBU," $5,000+ ",None,$100 - $149,"""10 - 49""","Portland,",OR,https://clutch.co/profile/ombu,http://ombuweb.com/,martin@ombuweb.com,"
503.395.0722 "
Freelance To India Pvt Ltd," $1,000+ ",None,< $25,"""10 - 49""","Ahmedabad,",None,https://clutch.co/profile/freelance-india,https://www.freelancetoindia.com/,sales@freelancetoindia.com,"
9033620326 "
Xieno E-Services," $5,000+ ",None,$25 - $49,"""10 - 49""","Jaipur,",None,https://clutch.co/profile/xieno-e-services,http://xieno.com/,info@xieno.com,"
 "
Oak2Media," $10,000+ ",None,$100 - $149,"""10 - 49"""," San Francisco,",CA,https://clutch.co/profile/oak2media,http://oak2media.com,hello@oak2media.com,"
415.578.7922 "
Alt Creative," $5,000+ ",None,$100 - $149,"""2 - 9""","Austin,",TX,https://clutch.co/profile/alt-creative,http://www.alt-creative.com,info@alt-creative.com,"
512-535-0444 "
Watermelon Web Works," $10,000+ ",None,$100 - $149,"""10 - 49""","Portland,",OR,https://clutch.co/profile/watermelon-web-works,https://www.watermelonwebworks.com/,paul@watermelonwebworks.com,"
971.645.4352 "
SeedCMS," $10,000+ ",None,$100 - $149,"""10 - 49""","Costa Mesa,",CA,https://clutch.co/profile/seedcms,http://seedcms.com/,hello@seedcms.com,"
714.486.2708 "
Stark Digital Media Services Pvt. Ltd.," $1,000+ ",None,$25 - $49,"""50 - 249""","Pune,",None,https://clutch.co/profile/stark-digital-media-services,https://www.starkdigital.net/,sales@starkdigital.net,"
+91.7757063001 "
Digital Story," $1,000+ ",None,$25 - $49,"""2 - 9""","Pozna,",None,https://clutch.co/profile/digital-story-0,http://www.digitalstory.pl,hello@digitalstory.pl,"
 "
Litmus Branding," $1,000+ ",None,$25 - $49,"""10 - 49""","Ahmedabad,",None,https://clutch.co/profile/litmus-branding,https://www.litmusbranding.com/,hi@litmusbranding.com,"
 "
"Skewed, LLC"," $1,000+ ",None,$50 - $99,"""2 - 9""","Wilmington,",NC,https://clutch.co/profile/skewed,https://skewedtech.com,sales@skewedtech.com,"
9103191589 "
Chromatix," $1,000+ ",None,None,"""2 - 9""","Canterbury,",None,https://clutch.co/profile/chromatix,https://www.chromatix.com.au,hello@chromatix.com.au,"
03 9912 6403 "
Tucker Professional," $5,000+ ",None,$100 - $149,"""2 - 9""","Whittier ,",CA,https://clutch.co/profile/tucker-professional,http://tucker.pro/,sales@tucker.pro,"
 "
Atoms & Pixels," $1,000+ ",None,$100 - $149,"""2 - 9""","Santa Monica,",CA,https://clutch.co/profile/atoms-pixels,http://atomsandpixels.com/,contact@atomsandpixels.com,"
(424) 209-8272 "
Connective Web Design ," $1,000+ ",None,$50 - $99,"""2 - 9""","Los Angeles,",CA,https://clutch.co/profile/connective-web-design,https://connectivewebdesign.com/,rodney@connectivewebdesign.com,"
(818) 570-5620 "
Coffee IT, Undisclosed,None,$50 - $99,"""10 - 49""","Utrecht,",None,https://clutch.co/profile/coffee-it,https://coffeeit.nl,contact@coffeeit.nl,"
 "
Betedo," $1,000+ ",None,$25 - $49,"""50 - 249""","Lviv,",None,https://clutch.co/profile/betedo,http://www.betedo.com,support@betedo.com,"
+380678623536 "
Pixielit Studios ," $1,000+ ",None,$25 - $49,"""10 - 49""","Gandhinagar,",None,https://clutch.co/profile/pixielit-studios,http://www.pixielit.com,info@pixielit.com,"
 "
Smashing Infotech, Undisclosed,None,< $25,"""10 - 49""","Indore,",None,https://clutch.co/profile/smashing-infotech,http://www.smashinginfotech.com,hello@smashinginfotech.com,"
0731-4968725 "
Appgress," $1,000+ ",None,< $25,"""10 - 49""","Vinnytsia ,",None,https://clutch.co/profile/appgress,http://appgress.com/,office@appgress.com,"
+380932858885 "
Webfix Studio," $1,000+ ",None,$50 - $99,"""2 - 9""","Boston,",MA,https://clutch.co/profile/webfix-studio,https://webfixstudio.com/,info@webfixstudio.com,"
857.302.3445 "
Electric Studio," $10,000+ ",None,$150 - $199,"""2 - 9""","Oxford,",None,https://clutch.co/profile/electric-studio,https://www.electricstudio.co.uk/,hello@electricstudio.co.uk,"
+44.1235.436262 "
IT Mart Solution," $1,000+ ",None,< $25,"""2 - 9""","Kolkata,",None,https://clutch.co/profile/it-mart-solution,https://www.itmartsolution.com/,info@itmartsolution.com,"
+919007725187 "
Ironistic," $5,000+ ",None,$100 - $149,"""10 - 49""","Alexandria,",VA,https://clutch.co/profile/ironistic,https://www.ironistic.com/,chris@ironistic.com,"
 "
Symph," $5,000+ ",None,$25 - $49,"""10 - 49""",None,None,https://clutch.co/profile/symph,http://www.symph.co,info@symph.co,"
 "
Disruptive," $5,000+ ",None,$50 - $99,"""10 - 49""","Sparks,",MD,https://clutch.co/profile/disruptive,https://www.dsrp.tv/,team@dsrp.tv,"
443.338.3778 "
Netbrain Media Solutions S.L.," $1,000+ ",None,$25 - $49,"""10 - 49""","Logroo 15, 1A,",None,https://clutch.co/profile/netbrain-media-solutions-sl,https://www.netbrain.es,info@netbrain.es,"
+34 941120442 "
Fat Beehive Ltd," $10,000+ ",None,$100 - $149,"""10 - 49""","London,",None,https://clutch.co/profile/fat-beehive,http://www.fatbeehive.com,hello@fatbeehive.com,"
+44 (0)20 7739 8704 "
Green Cube Solutions," $5,000+ ",None,< $25,"""10 - 49""","ahmedabad,",None,https://clutch.co/profile/green-cube-solutions,http://www.greencubes.co.in,info@greencubes.co.in,"
9974393731 "
Lemeor," $10,000+ ",None,$25 - $49,"""10 - 49""","Zaporizhia,",None,https://clutch.co/profile/lemeor,https://lemeor.com/,contact@lemeor.com,"
 "
LabTop Digital," $5,000+ ",None,$25 - $49,"""10 - 49""","Kyiv,",None,https://clutch.co/profile/labtop-digital,http://labtop.digital/,a.dyshkant@labtop.digital,"
+380503888911 "
Webilation LLC, Undisclosed,None,None,"""10 - 49""","Feasterville,",PA,https://clutch.co/profile/webilation,https://webilation.com/,sales@webilation.com,"
+001 941 7513550 "
While Web Production," $1,000+ ",None,< $25,"""2 - 9""","Kiev,",None,https://clutch.co/profile/while-web-production,http://whileweb.com,partnership@whileweb.com,"
 "
Soda Web Media LLC.," $5,000+ ",None,$50 - $99,"""2 - 9""","Atlanta,",GA,https://clutch.co/profile/soda-web-media,https://www.sodawebmedia.com/,hello@sodawebmedia.com,"
678.829.7632 "
Nicely Built," $5,000+ ",None,$100 - $149,"""2 - 9""","Atlanta,",GA,https://clutch.co/profile/nicely-built,http://nicelybuilt.com/,HELLO@NICELYBUILT.COM,"
+1,(678).695.8657 "
SoftNEP," $1,000+ ",None,$25 - $49,"""10 - 49""","Kathmandu,",None,https://clutch.co/profile/softnep,https://softnep.com,mkt@softnep.com,"
 "
Polymer Digital," $10,000+ ",None,$100 - $149,"""2 - 9""","Pontiac,",IL,https://clutch.co/profile/polymer-digital,https://polymerdigital.com,hello@polymerdigital.com,"
(773) 362-4657 "
AMZY Creations," $1,000+ ",None,$25 - $49,"""2 - 9""","Bangalore,",None,https://clutch.co/profile/amzy-creations,http://www.amzycreations.com,hello@amzycreations.com,"
+91-7760812169 "
ATX Web Designs," $10,000+ ",None,$150 - $199,"""2 - 9""","Austin,",TX,https://clutch.co/profile/atx-web-designs,http://www.atxwebdesigns.com,daniel@atxwebdesigns.com,"
 "
Bravo Web Solutions," $1,000+ ",None,$50 - $99,"""2 - 9""","Portland,",OR,https://clutch.co/profile/bravo-web-solutions,https://www.bravoweb.com/,sales@bravoweb.com,"
503.680.4286 "
SysG Soft Solutions," $1,000+ ",None,< $25,"""50 - 249""","Cork,",None,https://clutch.co/profile/sysg-soft-solutions,http://www.sysgsoft.com,nitin@sysgsoft.com,"
+35 3877.835.397 "
Devos Software," $1,000+ ",None,$25 - $49,"""2 - 9""","Kharkiv,",None,https://clutch.co/profile/devos-software,https://devos-software.com,sales@devos-software.com,"
+38 067 573 47 21 "
ELXEL Creative," $10,000+ ",None,$150 - $199,"""10 - 49""","Washington,",DC,https://clutch.co/profile/elxel-creative,http://www.elxel.com/,moss@elxel.com,"
800.413.5935 "
Reign Creative Co.," $10,000+ ",None,$150 - $199,"""2 - 9""","New Orleans,",LA,https://clutch.co/profile/reign-creative-co,https://www.reignmade.co,sales@reignmade.co,"
504.233.7411 "
THiNC.technology," $10,000+ ",None,$100 - $149,"""2 - 9""","East Lansing,",MI,https://clutch.co/profile/thinctechnology,https://thinc.technology/,sales@thinc.technology,"
 "
Nipa Pro," $1,000+ ",None,$50 - $99,"""Freelancer""","Chicago,",IL,https://clutch.co/profile/nipa-pro,https://www.nipapro.com/,sales@nipapro.com,"
 "
On Purpose Projects," $5,000+ ",None,$50 - $99,"""Freelancer""","Coquitlam,",None,https://clutch.co/profile/purpose-projects,http://www.onpurposeprojects.com,info@onpurposeprojects.com,"
+1.888.813.0533 "
Steve Perry Creative," $10,000+ ",None,$150 - $199,"""Freelancer""","Staffordshire,",None,https://clutch.co/profile/steve-perry-creative,http://www.steveperrycreative.com,ideas@steveperrycreative.com,"
+44.178.295.4282 "
ClickFred," $1,000+ ",None,$50 - $99,"""Freelancer""",None,None,https://clutch.co/profile/clickfred,http://clickfred.com/,Ideas@ClickFred.com,"
 "
Codelab Studios, Undisclosed,None,None,"""Freelancer""","Atlanta,",GA,https://clutch.co/profile/codelab-studios,http://www.CodelabStudios.com,,"
 "
Arias & Thompson, Undisclosed,None,$25 - $49,"""Freelancer""","Tallinn,",None,https://clutch.co/profile/arias-thompson,https://ariasthompson.com,ian@ariasthompson.com,"
+44 7526 952 030 "
