Organization_name,Min. Project,Rating,Hourly_rate,Total_Employees,Locality,Region,Profile,Website,Mail,Phone
Therefore," $25,000+ ",4.8,$100 - $149,"""10 - 49""","Toronto,",None,https://clutch.co/profile/therefore,http://therefore.ca,sales@therefore.ca,"
416.640.5376 "
R-Style Lab," $5,000+ ",4.8,$25 - $49,"""50 - 249""","San Francisco,",CA,https://clutch.co/profile/r-style-lab,http://r-stylelab.com/?utm_source=clutch.co&utm_medium=link_on_20clutch&utm_campaign=clutch_profile,ask@r-stylelab.com,"
888.252.3073 "
MAAN Softwares INC.," $5,000+ ",4.7,$25 - $49,"""10 - 49""","Lewes,",DE,https://clutch.co/profile/maan-softwares,https://maansoftwares.com/,info@maansoftwares.com,"
+1 531 203 9141 "
Droptica," $1,000+ ",5,$25 - $49,"""10 - 49""","Wroclaw,",None,https://clutch.co/profile/droptica,https://www.droptica.com/?utm_source=clutch&utm_medium=clutch,info@droptica.com,"
+48 88 251 5514 "
Inclind," $10,000+ ",5,$100 - $149,"""10 - 49""","Lewes,",DE,https://clutch.co/profile/inclind,https://www.inclind.com/,hello@inclind.com,"
302.856.2802 "
Unleashed Technologies," $25,000+ ",4.9,$100 - $149,"""10 - 49""","Columbia,",MD,https://clutch.co/profile/unleashed-technologies,https://www.unleashed-technologies.com/clutch-global-leader,start@unleashed-technologies.com,"
410.864.8980 "
Digital Echidna," $10,000+ ",4.7,$100 - $149,"""50 - 249""","London,",None,https://clutch.co/profile/digital-echidna,http://echidna.ca,andrew@echidna.ca,"
519.858.9604 "
ImageX," $10,000+ ",4.9,$50 - $99,"""50 - 249""","Vancouver,",None,https://clutch.co/profile/imagex,https://imagexmedia.com,brent@imagexmedia.com,"
778.785.1547 "
"Raizlabs, a Rightpoint company"," $50,000+ ",4.8,$150 - $199,"""250 - 999""","Boston,",MA,https://clutch.co/profile/raizlabs-rightpoint-company,http://www.raizlabs.com,hello@raizlabs.com,"
617.383.9007 "
Urban Insight," $25,000+ ",5,$100 - $149,"""10 - 49""","Los Angeles,",CA,https://clutch.co/profile/urban-insight,https://www.urbaninsight.com/clutch,info@urbaninsight.com,"
213.792.2000 "
Elevated Third, Undisclosed,4.9,$150 - $199,"""10 - 49""","Denver,",CO,https://clutch.co/profile/elevated-third,https://www.elevatedthird.com/?utm_source=clutch.co&utm_medium=referral&utm_campaign=profile,harrison@elevatedthird.com,"
(303) 436-9113 "
Last Call Media, Undisclosed,4.8,$150 - $199,"""10 - 49""","Northampton,",MA,https://clutch.co/profile/last-call-media,http://lastcallmedia.com,allaboard@lastcallmedia.com,"
888-788-7177 "
Lullabot," $10,000+ ",4.9,$150 - $199,"""50 - 249""","Providence,",RI,https://clutch.co/profile/lullabot,https://www.lullabot.com,info@lullabot.com,"
877.585.5226 "
Cheeky Monkey Media Inc., Undisclosed,4.8,$100 - $149,"""10 - 49""","Kelowna,",None,https://clutch.co/profile/cheeky-monkey-media,https://cheekymonkeymedia.ca/,hello@cheekymonkeymedia.ca,"
1-800-818-4564 "
Blue Fountain Media ," $50,000+ ",4.8,$150 - $199,"""50 - 249""","New York,",NY,https://clutch.co/profile/blue-fountain-media,http://www.bluefountainmedia.com/,brianbyer@bluefountainmedia.com,"
+1.646.392.7973 "
Mobomo," $50,000+ ",4.8,$150 - $199,"""50 - 249""","Vienna,",VA,https://clutch.co/profile/mobomo,https://www.mobomo.com/,hello@mobomo.com,"
888.676.1049 "
QArea," $5,000+ ",4.7,$25 - $49,"""50 - 249""","Kharkov,",None,https://clutch.co/profile/qarea,https://www.qarea.com/,marketing@qarea.us,"
38 057 763 60 24 "
Palantir.net," $10,000+ ",4.7,$150 - $199,"""10 - 49""","Chicago,",IL,https://clutch.co/profile/palantirnet,http://www.palantir.net/,info@palantir.net,"
773.645.4100 "
Chromatic," $10,000+ ",4.9,$150 - $199,"""10 - 49""","Chicago,",IL,https://clutch.co/profile/chromatic,https://chromatichq.com,info@chromatichq.com,"
 "
SynapseIndia," $5,000+ ",4.9,< $25,"""50 - 249""","Holmdel,",NJ,https://clutch.co/profile/synapseindia,https://www.synapseindia.com/services.php/?utm_source=ProfilePage&utm_medium=VisitWebsite&utm_campaign=Clutch,bdm@synapseindia.com,"
+1-941-527-1257 "
WDG - Web Development Group," $25,000+ ",4.9,$150 - $199,"""10 - 49""","Arlington ,",VA,https://clutch.co/profile/wdg-web-development-group,http://www.webdevelopmentgroup.com/,hello@wdgdc.com,"
703-652-8438 "
Fayrix," $5,000+ ",4.9,< $25,"""1,000 - 9,999""","Pitu'akh,",None,https://clutch.co/profile/fayrix,http://www.fayrix.com/?utm_source=clutch,info@fayrix.com,"
+972 (9) 374-01-80 "
Bluespark, Undisclosed,4.8,$150 - $199,"""10 - 49""","Raleigh,",NC,https://clutch.co/profile/bluespark,http://www.bluespark.com,info@bluespark.com,"
 "
Zoocha Ltd," $50,000+ ",4.8,$100 - $149,"""10 - 49""","Hertford,",None,https://clutch.co/profile/zoocha,https://www.zoocha.com/,info@zoocha.com,"
+44.1992.256700 "
Myplanet," $25,000+ ",4.8,$100 - $149,"""50 - 249""","Toronto,",None,https://clutch.co/profile/myplanet,http://hubs.ly/H021qf40,hello@myplanet.com,"
1-866-232-7456 "
Promet Source," $10,000+ ",5,$100 - $149,"""10 - 49""","Chicago,",IL,https://clutch.co/profile/promet-source,https://www.prometsource.com/,sales@prometsource.com,"
773.525.8255 "
Duo Consulting," $50,000+ ",5,$100 - $149,"""10 - 49""","Chicago,",IL,https://clutch.co/profile/duo-consulting,http://www.duoconsulting.com/,engage@duoconsulting.com,"
312.529.3000 "
Freelock LLC, Undisclosed,4.9,$150 - $199,"""2 - 9""","Seattle,",WA,https://clutch.co/profile/freelock,http://www.freelock.com,sales@freelock.com,"
206.577.0540 "
Digital Deployment," $50,000+ ",5,$100 - $149,"""10 - 49""","Sacramento,",CA,https://clutch.co/profile/digital-deployment,http://www.digitaldeployment.com,sales@digitaldeployment.com,"
916 238 1800 "
EDUCO, Undisclosed,4.9,$150 - $199,"""10 - 49""","Oak Park ,",IL,https://clutch.co/profile/educo,http://www.educowebdesign.com,marty@educowebdesign.com,"
708.613.0386 "
Zivtech," $10,000+ ",4.9,$150 - $199,"""10 - 49""","Philadelphia,",PA,https://clutch.co/profile/zivtech,http://zivtech.com/,sales@zivtech.com,"
215.922.2692 "
OPTASY," $10,000+ ",4.8,$50 - $99,"""10 - 49""","Toronto,",None,https://clutch.co/profile/optasy,https://www.optasy.com,contact@optasy.com,"
(416) 243-2431 "
Isovera ," $25,000+ ",4.6,$100 - $149,"""10 - 49""","Waltham,",MA,https://clutch.co/profile/isovera,https://www.isovera.com/,ssanzo@isovera.com,"
781.547.8435 "
Segue Technologies," $10,000+ ",5,$100 - $149,"""50 - 249""","Arlington,",VA,https://clutch.co/profile/segue-technologies,http://www.seguetech.com/,info@seguetech.com,"
703.549.8033 "
Drupal Connect, Undisclosed,4.5,$100 - $149,"""10 - 49""","New York,",NY,https://clutch.co/profile/drupal-connect,http://drupalconnect.com,john@drupalconnect.com,"
646.684.3871 "
Iflexion," $10,000+ ",4.9,$25 - $49,"""50 - 249""","Denver,",CO,https://clutch.co/profile/iflexion,https://www.iflexion.com/,contact@iflexion.com,"
(720) 207-0369 "
Auxesis Infotech Pvt. Ltd.," $1,000+ ",5,< $25,"""10 - 49""","New Delhi,",None,https://clutch.co/profile/auxesis-infotech,https://auxesisinfotech.com/,admin@auxesisinfotech.com,"
+91 1145547607 "
Centretek," $25,000+ ",4.9,None,"""10 - 49""","Ellicott City,",MD,https://clutch.co/profile/centretek,http://www.centretek.com/,gdoss@centretek.com,"
21043 "
Breakthrough Technologies," $10,000+ ",4.8,$100 - $149,"""10 - 49""","Evanston,",IL,https://clutch.co/profile/breakthrough-technologies,http://www.breaktech.com,solutions@breaktech.com,"
847.864.0033 "
AddWeb Solution," $5,000+ ",4.9,< $25,"""50 - 249""","Ahmedabad,",None,https://clutch.co/profile/addweb-solution,https://www.addwebsolution.com/,contact@addwebsolution.com,"
+1-210-346-9359 "
Monarch Digital," $5,000+ ",5,$100 - $149,"""2 - 9""","Colorado Springs,",CO,https://clutch.co/profile/monarch-digital,https://www.monarchdigital.com/,consultation@monarchdigital.com,"
+1.719.344.2118 "
Annertech, Undisclosed,4.7,$50 - $99,"""10 - 49""","Dublin,",None,https://clutch.co/profile/annertech,http://www.annertech.com,hello@annertech.com,"
+35315240312 "
KWALL," $25,000+ ",5,$150 - $199,"""10 - 49""","Newport Beach,",CA,https://clutch.co/profile/kwall,http://www.kwallcompany.com/,sales@kwallcompany.com,"
866.916.1202 "
AndPlus," $50,000+ ",4.9,$150 - $199,"""10 - 49""","Southborough,",MA,https://clutch.co/profile/andplus,https://hubs.ly/H08vCTL0,info@andplus.com,"
508.425.7533 "
Interactive Strategies, Undisclosed,4.9,$150 - $199,"""10 - 49""","Washington,",DC,https://clutch.co/profile/interactive-strategies,http://www.interactivestrategies.com/,bruce@interactivestrategies.com,"
(202) 223-8656 "
ADCI Solutions," $5,000+ ",5,$25 - $49,"""10 - 49""","Omsk,",None,https://clutch.co/profile/adci-solutions,http://adcisolutions.com/,ak@adcillc.com,"
+1 (407) 413-9319 "
Portland Webworks, Undisclosed,5,$100 - $149,"""10 - 49""","Portland,",ME,https://clutch.co/profile/portland-webworks,http://www.portlandwebworks.com/,info@portlandwebworks.com,"
207.773.6600 "
Third & Grove," $25,000+ ",4.8,$100 - $149,"""10 - 49""","Boston,",MA,https://clutch.co/profile/third-grove,https://www.thirdandgrove.com/,hello@thirdandgrove.com,"
(240) 428-4473 "
Plethora Design, Undisclosed,5,$100 - $149,"""2 - 9""","Sterling,",VA,https://clutch.co/profile/plethora-design,https://www.plethoradesign.com,contact@plethoradesign.com,"
877.515.6682 "
Symetris," $50,000+ ",5,$100 - $149,"""10 - 49""","Quebec,",None,https://clutch.co/profile/symetris,http://symetris.ca,sales@symetris.ca,"
514.303.3347 "
Cyber-Duck," $25,000+ ",4.7,$100 - $149,"""10 - 49""","London,",None,https://clutch.co/profile/cyber-duck,https://www.cyber-duck.co.uk/?utm_source=directory&utm_medium=clutch,hello@cyber-duck.co.uk,"
+44.20.8953.0070 "
"Oomph, Inc."," $25,000+ ",4.9,$150 - $199,"""10 - 49""","Providence,",RI,https://clutch.co/profile/oomph,https://oomphinc.com,hello@oomphinc.com,"
401.228.7660 "
Vardot," $10,000+ ",4.6,$50 - $99,"""10 - 49""","Santa Clara,",CA,https://clutch.co/profile/vardot,https://www.vardot.com/,marketing@vardot.com,"
408 329 9888 "
Taoti Creative," $25,000+ ",4.8,$100 - $149,"""50 - 249""","Washington,",DC,https://clutch.co/profile/taoti-creative,http://www.taoti.com,hello@taoti.com,"
202.546.8946 "
AGILEDROP, Undisclosed,5,$50 - $99,"""10 - 49""","Ljubljana,",None,https://clutch.co/profile/agiledrop,http://agiledrop.com/,hello@agiledrop.com,"
+44 208 144 21 89 "
VAO," $10,000+ ",4.9,$25 - $49,"""10 - 49""","Poznan,",None,https://clutch.co/profile/vao,https://www.vao.pl,office@vao.pl,"
+48618750114 "
Mubaloo," $50,000+ ",4.6,$100 - $149,"""50 - 249""","London,",None,https://clutch.co/profile/mubaloo,http://mubaloo.com,info@mubaloo.com,"
+44 207 073 7007 "
Kalamuna," $25,000+ ",4.5,$150 - $199,"""10 - 49""","Oakland,",CA,https://clutch.co/profile/kalamuna,https://www.kalamuna.com,sales@kalamuna.com,"
925-255-5204 "
Fahrenheit Marketing, Undisclosed,5,$150 - $199,"""10 - 49""","Austin,",TX,https://clutch.co/profile/fahrenheit-marketing,http://www.fahrenheit.io,info@fahrenheitmarketing.com,"
512.206.4220 "
OpenSource Technologies," $1,000+ ",4.9,< $25,"""10 - 49""","Exton,",PA,https://clutch.co/profile/opensource-technologies,https://www.ost.agency/,sales@ost.agency,"
(330) 775-2493 "
Coldfront Labs, Undisclosed,4.8,$100 - $149,"""2 - 9""","Ottawa,",None,https://clutch.co/profile/coldfront-labs,http://coldfrontlabs.ca,info@coldfrontlabs.ca,"
1-866-507-83 "
Celebrate Drupal," $5,000+ ",4.8,$50 - $99,"""10 - 49""","Olympia,",WA,https://clutch.co/profile/celebrate-drupal,http://www.celebratedrupal.com,cmcgrath@celebratedrupal.com,"
360.701.7353 "
"Fuse IQ, Inc.", Undisclosed,5,$100 - $149,"""2 - 9""","Seattle,",WA,https://clutch.co/profile/fuse-iq,http://www.fuseiq.com,info@fuseiq.com,"
206.788.4484 "
Srijan Technologies Pvt. Ltd., Undisclosed,4.5,$25 - $49,"""50 - 249""","New Delhi,",None,https://clutch.co/profile/srijan-technologies,http://www.srijan.net/,business@srijan.net,"
 "
Isadora Agency," $25,000+ ",4.6,$100 - $149,"""10 - 49""","Manhattan Beach,",CA,https://clutch.co/profile/isadora-agency,http://isadoradigitalagency.com/,hello@isadoradigitalagency.com,"
310.560.4675 "
Forix ," $100,000+ ",5,$100 - $149,"""10 - 49""","Portland,",OR,https://clutch.co/profile/forix,http://www.forixcommerce.com/?ref=co,hello@forixdigital.com,"
503.764.4123 "
Orbit Media Studios," $25,000+ ",4.9,None,"""10 - 49""","Chicago,",IL,https://clutch.co/profile/orbit-media-studios,https://www.orbitmedia.com/,social@orbitmedia.com,"
773.348.4581 "
QED42," $10,000+ ",4.5,$25 - $49,"""50 - 249""","Pune,",None,https://clutch.co/profile/qed42,http://www.qed42.com,dipen@qed42.com,"
8007252439 "
ParallelDevs," $5,000+ ",4.8,$25 - $49,"""10 - 49""","San Jos,",None,https://clutch.co/profile/paralleldevs,http://www.paralleldevs.com,info@paralleldevs.com,"
+506 4052-5447 "
Cocomore AG, Undisclosed,4.3,$50 - $99,"""50 - 249""","Frankfurt am Main,",None,https://clutch.co/profile/cocomore-ag,http://www.cocomore.com/homepage,info@cocomore.com,"
+49(0)69 / 972.69.0 "
iterate, Undisclosed,4.8,$50 - $99,"""10 - 49""","Dublin,",None,https://clutch.co/profile/iterate,http://www.iterate.ie,gary@iterate.ie,"
+353 1 524 1346 "
Alley Interactive, Undisclosed,4.5,$150 - $199,"""50 - 249""","New York,",NY,https://clutch.co/profile/alley-interactive,http://alley.co,info@alley.co,"
212.804.6623 "
R2integrated, Undisclosed,5,$150 - $199,"""50 - 249""","Baltimore,",MD,https://clutch.co/profile/r2integrated,http://www.r2integrated.com/,info@r2integrated.com,"
410.327.2007 "
HAAS/cra," $10,000+ ",4.9,$150 - $199,"""2 - 9""","New York,",NY,https://clutch.co/profile/haascr%C3%A9a,http://haascrea.com,sales@haascrea.com,"
212-461-1841 "
Noble Studios, Undisclosed,4.8,$150 - $199,"""10 - 49""","Reno,",NV,https://clutch.co/profile/noble-studios,http://noblestudios.com/,clutch@noblestudios.com,"
775.883.6000 "
Alliance Interactive," $25,000+ ",4.9,$100 - $149,"""10 - 49""","Washington,",DC,https://clutch.co/profile/alliance-interactive,https://www.allianceinteractive.com/,info@allianceinteractive.com,"
1.202.350.9020 "
SWECKER," $5,000+ ",5,$100 - $149,"""2 - 9""","Seattle,",WA,https://clutch.co/profile/swecker,https://swecker.co,hello@swecker.co,"
206-866-5501 "
Praxent," $25,000+ ",4.8,$150 - $199,"""10 - 49""","Austin,",TX,https://clutch.co/profile/praxent,https://praxent.com/,info@praxent.com,"
+1.512.553.6830 "
Survin IT Solutions," $1,000+ ",5,< $25,"""10 - 49""","Jaipur,",None,https://clutch.co/profile/survin-it-solutions,http://survinitsolutions.com/,hello@survinitsolutions.com,"
+91 (992) 877-7445 "
Z-Wolves Development," $5,000+ ",4.8,$25 - $49,"""10 - 49""","Minsk,",None,https://clutch.co/profile/z-wolves-development,http://zwolves.com/,info@zwolves.com,"
+375 (29) 693-67-71 "
Web Design Boston," $25,000+ ",5,$100 - $149,"""10 - 49""","Watertown,",MA,https://clutch.co/profile/web-design-boston,http://www.mywebdesignboston.com/,contact@wdb.agency,"
617.237.0305 "
nclud," $25,000+ ",4.8,None,"""10 - 49""","Washington,",DC,https://clutch.co/profile/nclud,http://www.nclud.com,hello@nclud.com,"
202.684.8984 "
Commercial Progression," $50,000+ ",4.5,$150 - $199,"""10 - 49""","Northville,",MI,https://clutch.co/profile/commercial-progression,http://www.commercialprogression.com,sales@commercialprogression.com,"
734.393.4696 "
WEB4PRO," $1,000+ ",4.7,< $25,"""10 - 49""","Kharkov,",None,https://clutch.co/profile/web4pro,https://web4pro.net,sales@corp.web4pro.com.ua,"
+38 (096) 482-4742 "
Ingenia Agency," $10,000+ ",4.6,$25 - $49,"""50 - 249""","Mexico City,",None,https://clutch.co/profile/ingenia-agency,http://www.ingenia.com,info@ingenia.com,"
 "
Drupal Partners, Undisclosed,4.9,$50 - $99,"""10 - 49""","Atlanta,",GA,https://clutch.co/profile/drupal-partners,http://www.DrupalPartners.com,yourfriends@drupalpartners.com,"
(404) 788-6332 "
Spry Digital ," $50,000+ ",4.8,$100 - $149,"""10 - 49""","St. Louis,",MO,https://clutch.co/profile/spry-digital,https://sprydigital.com,holler@sprydigital.com,"
314-514-5577 "
Fruition," $5,000+ ",4.9,$100 - $149,"""10 - 49""","Denver,",CO,https://clutch.co/profile/fruition,https://fruition.net/,sales@fruition.net,"
720-893-8757 "
Ratio Web," $5,000+ ",4.9,$25 - $49,"""10 - 49""","Wroclaw,",None,https://clutch.co/profile/ratio-web,http://ratioweb.pl,contact@ratioweb.pl,"
+48 517 767 207 "
352 Inc.," $75,000+ ",5,$150 - $199,"""50 - 249""","Atlanta,",GA,https://clutch.co/profile/352,https://www.352inc.com/,hello@352inc.com,"
877.352.6334 "
Caxy Interactive," $50,000+ ",5,$150 - $199,"""10 - 49""","Chicago,",IL,https://clutch.co/profile/caxy-interactive,https://www.caxy.com,info@caxy.com,"
312.207.6200 "
Night Kitchen Interactive," $5,000+ ",5,$150 - $199,"""2 - 9""","Philadelphia,",PA,https://clutch.co/profile/night-kitchen-interactive,http://www.whatscookin.com,sales@whatscookin.com,"
+1.215.629.9962 "
DevEngineering, Undisclosed,4.8,$25 - $49,"""10 - 49""","Kiev,",None,https://clutch.co/profile/devengineering,http://www.devengineering.com/,hi@devengineering.com,"
1-770-884-6584 "
Belo + Company," $1,000+ ",4.7,$150 - $199,"""50 - 249""","Dallas,",TX,https://clutch.co/profile/belo-company,http://www.beloandco.com,blaine.mcgaffigan@beloandco.com,"
1.800.330.9450 "
InternetDevels, Undisclosed,4.7,$25 - $49,"""50 - 249""","Lutsk,",None,https://clutch.co/profile/internetdevels,https://internetdevels.com/,office@internetdevels.com,"
+38 050 640 98 44 "
Bulcode," $5,000+ ",5,$25 - $49,"""2 - 9""","Sofia,",None,https://clutch.co/profile/bulcode,http://www.bulcode.com,office@bulcode.com,"
359883304089 "
Fastspot," $25,000+ ",4.9,$150 - $199,"""10 - 49""","Baltimore,",MD,https://clutch.co/profile/fastspot,https://www.fastspot.com/,katie@fastspot.com,"
410.537.5007 "
Big Couch Media Group, Undisclosed,5,$50 - $99,"""10 - 49""","Palm Springs,",FL,https://clutch.co/profile/big-couch-media-group,http://www.bigcouchmedia.com,infor@bigcouchmedia.com,"
561.733.1200 "
Sigma Software," $10,000+ ",4.5,$25 - $49,"""250 - 999""","Kharkiv,",None,https://clutch.co/profile/sigma-software,https://sigma.software/#utm_source=clutch.co,info@sigma.software,"
+380 (57) 7660159 "
Resonetrics, Undisclosed,5,$100 - $149,"""2 - 9""","Sandy Hook,",CT,https://clutch.co/profile/resonetrics,https://resonetrics.com,resonetrics@gmail.com,"
203.300.4361 "
LINK Creative," $10,000+ ",5,$150 - $199,"""2 - 9""","Santa Rosa,",CA,https://clutch.co/profile/link-creative,http://linkcreative.com,projects@linkcreative.com,"
(707) 653-5465 "
Bates Creative," $10,000+ ",4.8,$100 - $149,"""10 - 49""","Silver Spring,",MD,https://clutch.co/profile/bates-creative,https://batescreative.com/,sales@batescreative.com,"
301.495.8844 "
agencyQ," $50,000+ ",4.5,$150 - $199,"""10 - 49""","Washington,",DC,https://clutch.co/profile/agencyq,http://www.agencyq.com,info@agencyq.com,"
(202) 776-9090 "
MMDA, Undisclosed,4.8,$25 - $49,"""10 - 49""","Porto Alegre,",None,https://clutch.co/profile/mmda,http://www.mmda.com.br,projects@mmda.com.br,"
 "
Mighty Citizen," $25,000+ ",4.9,$150 - $199,"""10 - 49""","Austin,",TX,https://clutch.co/profile/mighty-citizen,https://www.mightycitizen.com/,hello@mightycitizen.com,"
5124597000 "
Origin Eight," $5,000+ ",4.7,$150 - $199,"""10 - 49""","Minneapolis,",MN,https://clutch.co/profile/origin-eight,https://www.origineight.net,PLEASE_USE_WEBSITE_CONTACT_FORM@origineight.net,"
612.276.5880 "
Agnian, Undisclosed,4.4,$100 - $149,"""10 - 49""","London,",None,https://clutch.co/profile/agnian,http://www.agnian.com,info@agnian.com,"
+44 20 7099 7571 "
Uran Company," $5,000+ ",4.8,$25 - $49,"""50 - 249""","Plovdiv ,",None,https://clutch.co/profile/uran-company,http://urancompany.com/,sergii@urancompany.com,"
+359 87 7267117 "
Achieve Internet, Undisclosed,4.5,$100 - $149,"""10 - 49""","San Diego ,",CA,https://clutch.co/profile/achieve-internet,http://www.achieveinternet.com,info@achieveinternet.com,"
800.618.8777 "
Taller Digital Business, Undisclosed,4.5,$50 - $99,"""10 - 49""","Florianpolis,",None,https://clutch.co/profile/taller-digital-business,http://www.taller.net.br,fred@taller.net.br,"
+55 (48) 3238-4598 "
Microserve, Undisclosed,4,$50 - $99,"""10 - 49""","Bristol,",None,https://clutch.co/profile/microserve,http://www.microserveltd.co.uk/,info@microserveltd.co.uk,"
+44 11 7214 0554 "
Specbee Consulting Services," $10,000+ ",4.5,None,"""50 - 249""","Bangalore,",None,https://clutch.co/profile/specbee-consulting-services,https://www.specbee.com,info@specbee.com,"
+919972400977 "
Neon Rain Interactive," $10,000+ ",4.9,$150 - $199,"""10 - 49""","Denver,",CO,https://clutch.co/profile/neon-rain-interactive,https://www.neonrain.com,info@neonrain.com,"
303.957.3092 "
CTI Digital," $10,000+ ",4,$100 - $149,"""50 - 249""","Manchester,",None,https://clutch.co/profile/cti-digital,http://www.ctidigital.com/,hello@ctidigital.com,"
+44 84 5620 0014 "
mohi.to, Undisclosed,4.8,$50 - $99,"""10 - 49""","Wroclaw,",None,https://clutch.co/profile/mohito,https://en.mohi.to/,hello@mohi.to,"
+48 501 048 944 "
CimpleO, Undisclosed,5,$25 - $49,"""10 - 49""","Omsk,",None,https://clutch.co/profile/cimpleo,http://www.cimpleo.com,hello@cimpleo.com,"
+73812353781 "
Designzillas, Undisclosed,4.8,$150 - $199,"""10 - 49""","Orlando,",FL,https://clutch.co/profile/designzillas,http://www.designzillas.com/,sales@designzillas.com,"
407.637.2833 "
SingleMind," $25,000+ ",4.7,$100 - $149,"""10 - 49""","Lake Oswego,",OR,https://clutch.co/profile/singlemind,https://www.singlemindconsulting.com/user-experience-design/?utm_source=clutch&utm_medium=listing&utm_campaign=referral,hello@singlemindconsulting.com,"
866.997.4239 "
Smashing Ideas, Undisclosed,5,None,"""50 - 249""","Seattle,",WA,https://clutch.co/profile/smashing-ideas,http://smashingideas.com,busdev@smashingideas.com,"
206.378.0100 "
Nextide," $10,000+ ",4.7,$100 - $149,"""2 - 9""","Burlington,",None,https://clutch.co/profile/nextide,http://www.nextide.ca/,sales@nextide.ca,"
905.624.3047 "
SCV HomeTown Web," $5,000+ ",5,$100 - $149,"""2 - 9""","Santa Clarita,",CA,https://clutch.co/profile/scv-hometown-web,https://www.scvhometownweb.com,sales@scvhometownweb.com,"
 "
Finoit Technologies," $5,000+ ",4.8,< $25,"""50 - 249""","Noida,",None,https://clutch.co/profile/finoit-technologies,http://www.finoit.com/,josh@finoit.com,"
+91.120.411.2386 "
DrupOst," $1,000+ ",5,< $25,"""2 - 9""","Lutsk,",None,https://clutch.co/profile/drupost,http://drupost.com,euoffice@drupost.com,"
+380681910002 "
Apollo Matrix Inc. ," $25,000+ ",4.6,$100 - $149,"""10 - 49""","Bethesda,",MD,https://clutch.co/profile/apollo,http://www.apollomatrix.com,pete@apollomatrix.com,"
202.643.0711 "
Create + Conquer," $10,000+ ",5,$150 - $199,"""10 - 49""","Boston,",MA,https://clutch.co/profile/create-conquer,http://www.createconquer.com/,hello@createconquer.com,"
617-996-1355 "
Xeno Media," $10,000+ ",5,$100 - $149,"""10 - 49""","Oakbrook Terrace,",IL,https://clutch.co/profile/xeno-media,http://www.xenomedia.com,sales@xenomedia.com,"
(630) 599-1550 "
DevBranch," $5,000+ ",5,None,"""10 - 49""","Lutsk,",None,https://clutch.co/profile/devbranch,https://dev-branch.com/,bohdan.a@dev-branch.com,"
 "
Shimshock Group, Undisclosed,4.7,$100 - $149,"""Freelancer""","Austin,",TX,https://clutch.co/profile/shimshock-group,http://shimshockgroup.com,info@shimshockgroup.com,"
512.994.0110 "
Xenixsoft IT Services Private Limited," $5,000+ ",4.8,$25 - $49,"""10 - 49""",None,None,https://clutch.co/profile/xenixsoft-it-services-private,http://www.xenixsoft.com,rudraxenix@gmail.com,"
+91-9887367801 "
The Creative Momentum, Undisclosed,5,$150 - $199,"""10 - 49""","Roswell,",GA,https://clutch.co/profile/creative-momentum,http://www.thecreativemomentum.com/,quote@thecreativemomentum.com,"
678.648.1445 "
KnackForge Soft Solutions Pvt Ltd, Undisclosed,4.4,$25 - $49,"""10 - 49""","Chennai,",None,https://clutch.co/profile/knackforge-soft-solutions,http://knackforge.com/,support@knackforge.com,"
04460504450 "
"Dot Com Development, LLC"," $25,000+ ",4.8,$50 - $99,"""10 - 49""","Scottsdale,",AZ,https://clutch.co/profile/dot-com-development,http://dotcomdevelopment.net,hello@dotcomdevelopment.net,"
(877) 755-9934 "
Web Peppers," $1,000+ ",5,$25 - $49,"""50 - 249""","Kiev,",None,https://clutch.co/profile/web-peppers,https://web-peppers.com,info@web-peppers.com,"
+38 (099) 756-4485 "
Spring Web Solutions, Undisclosed,4.5,$50 - $99,"""2 - 9""","Perth,",None,https://clutch.co/profile/spring-web-solutions,http://www.springwebsolutions.com,team@springwebsolutions.com,"
+61.8.6180.4310 "
Ackmann & Dickenson, Undisclosed,5,$100 - $149,"""50 - 249""","Minneapolis,",MN,https://clutch.co/profile/ackmann-dickenson,http://www.ackmanndickenson.com/,kevin@ackmanndickenson.com,"
612.486.5100 "
Websolutions Agency," $10,000+ ",4.5,$25 - $49,"""10 - 49""","Zagreb,",None,https://clutch.co/profile/websolutions-agency,http://ws.agency,hello@ws.agency,"
+38514646482 "
Agency Labs, Undisclosed,4.8,$100 - $149,"""2 - 9""","Bethel ,",CT,https://clutch.co/profile/agency-labs,http://www.AgencyLabs.com,jonathan@agencylabs.com,"
203.702.9532 "
ROLIQUE, Undisclosed,4.6,$25 - $49,"""10 - 49""","Lviv,",None,https://clutch.co/profile/rolique,http://www.rolique.io,info@rolique.io,"
+1 312 239-0557 "
Azoft, Undisclosed,4.9,$25 - $49,"""50 - 249""","New York City,",NY,https://clutch.co/profile/azoft,https://www.azoft.com/,sales@azoft.com,"
315.633.3272 "
Emerge Interactive," $25,000+ ",4.8,$150 - $199,"""10 - 49""","Portland,",OR,https://clutch.co/profile/emerge-interactive,http://www.emergeinteractive.com,info@emergeinteractive.com,"
503.922.3483 "
Qunabu Interactive," $1,000+ ",4.8,$25 - $49,"""2 - 9""","Gdansk,",None,https://clutch.co/profile/qunabu-interactive,https://qunabu.com,m@qunabu.com,"
+ 48585008885 "
"CMS Website Services, LLC"," $10,000+ ",4.9,$50 - $99,"""10 - 49""","Raleigh,",NC,https://clutch.co/profile/cms-website-services,https://www.cmswebsiteservices.com/,info@cmswebsiteservices.com,"
800-796-2735 "
Eclipse + DDG, Undisclosed,4.8,$100 - $149,"""2 - 9""","Portland,",OR,https://clutch.co/profile/eclipse-ddg,http://doreydesigngroup.com/,info@doreydesigngroup.com,"
503.914.6495 "
Butterfly," $10,000+ ",5,$150 - $199,"""10 - 49""","Melbourne,",None,https://clutch.co/profile/butterfly,http://www.butterfly.com.au,sales@butterfly.com.au,"
0390099610 "
Axelerant," $5,000+ ",4,$50 - $99,"""50 - 249""","Atlanta,",GA,https://clutch.co/profile/axelerant,http://axelerant.com,michael@axelerant.com,"
678 935 7435 "
Innoppl," $5,000+ ",4.5,$50 - $99,"""50 - 249""","Atlanta,",GA,https://clutch.co/profile/innoppl,http://innopplinc.com,,"
+1.310.279.6584 "
Schrdinger's Cat Laboratory," $10,000+ ",5,$25 - $49,"""10 - 49""","Kyiv,",None,https://clutch.co/profile/schrodingers-cat-laboratory,http://catlab.agency,o@catlab.agency,"
+380976250493 "
DUNICE," $50,000+ ",5,$25 - $49,"""50 - 249""","Taganrog,",None,https://clutch.co/profile/dunice,http://dunice.net,hello@dunice.net,"
+7(8634) 340-636 "
DrupalJedi," $10,000+ ",4.5,$50 - $99,"""50 - 249""","New York,",NY,https://clutch.co/profile/drupaljedi,https://drupaljedi.com/,hello@drupaljedi.com,"
 "
My Web Programmer," $1,000+ ",4.9,< $25,"""10 - 49""","Atlanta,",GA,https://clutch.co/profile/my-web-programmer,http://www.mywebprogrammer.com,info@mywebprogrammer.com,"
678.841.8442 "
DICE INFOCOM PRIVATE LIMITED," $1,000+ ",4.8,$25 - $49,"""10 - 49""","Jaipur,",None,https://clutch.co/profile/dice-infocom-private,http://www.diceinfocom.com/,agarwal.sudh@gmail.com,"
91.14.1404.2145 "
Elevated Web Design," $5,000+ ",5,$50 - $99,"""2 - 9""","Fairfax,",VA,https://clutch.co/profile/elevated-web-design,https://www.elevatedwebdesign.com/,info@elevatedwebdesign.com,"
703-634-3379 "
OpenXcell," $10,000+ ",4.8,< $25,"""50 - 249""","Ahmedabad,",None,https://clutch.co/profile/openxcell,https://www.openxcell.com,sales@openxcellinc.com,"
+1-888-777-4629 "
Limegrow Web Development," $5,000+ ",5,$50 - $99,"""10 - 49""","Tallinn,",None,https://clutch.co/profile/limegrow-web-development,https://limegrow.com/,hello@limegrow.com,"
+372 686-3330 "
Starcode, Undisclosed,5,< $25,"""10 - 49""","Krasnodar,",None,https://clutch.co/profile/starcode,http://en.starcode.ru/,eremin@starcode.ru,"
+7.938.484.11.01 "
Tekton Labs, Undisclosed,4.8,$25 - $49,"""10 - 49""","Mexico City,",None,https://clutch.co/profile/tekton-labs,http://www.tektonlabs.com,info@tektonlabs.com,"
55.4164.8528 "
Cloudsoft Mobile Inc.," $5,000+ ",4.8,$50 - $99,"""50 - 249""","New York,",NY,https://clutch.co/profile/cloudsoft-mobile,http://www.cloudsoftmobile.com,sales@cloudsoftmobile.com,"
855-283-4058 "
DOOR3," $25,000+ ",4.6,None,"""50 - 249""","New York,",NY,https://clutch.co/profile/door3,http://www.door3.com,projects@door3.com,"
646-351-0012 "
Hero Digital, Undisclosed,5,$150 - $199,"""50 - 249""","San Francisco,",CA,https://clutch.co/profile/hero-digital,http://www.herodigital.com,info@herodigital.com,"
415-230-0724 "
Square63," $5,000+ ",4.8,$25 - $49,"""10 - 49""","Dublin,",CA,https://clutch.co/profile/square63,http://www.square63.com,baber.javed@square63.com,"
+1 (415) 935-4424 "
HUEMOR," $25,000+ ",4.9,$100 - $149,"""10 - 49""","New York,",NY,https://clutch.co/profile/huemor,http://huemor.rocks/?utm_source=clutch&utm_medium=directory&utm_campaign=clutchlisting,sayhi@huemor.rocks,"
(631) 393-6116 "
"new target, inc.", Undisclosed,4.7,$100 - $149,"""50 - 249""","Alexandria,",VA,https://clutch.co/profile/new-target,http://www.newtarget.com,web@newtarget.com,"
703.548.3433 "
Forum One," $5,000+ ",4,$150 - $199,"""50 - 249""","Alexandria,",VA,https://clutch.co/profile/forum-one,http://forumone.com,info@forumone.com,"
703.548.1855 "
Station Four, Undisclosed,4.8,$100 - $149,"""10 - 49""","Jacksonville,",FL,https://clutch.co/profile/station-four,http://www.stationfour.com/,adurham@stationfour.com,"
904-399-3219 "
Aha Consulting," $5,000+ ",5,$100 - $149,"""2 - 9""","Lake Oswego,",OR,https://clutch.co/profile/aha-consulting,http://www.ahaconsulting.com,info@ahaconsulting.com,"
503.675.5121 "
PLATFORM," $10,000+ ",5,$100 - $149,"""10 - 49""","San Francisco,",CA,https://clutch.co/profile/platform,http://www.plat4m.com?utm_source=Clutch&utm_medium=social&utm_campaign=Clutch_profile&utm_content=CTA_visit_website,inquiry@plat4m.com,"
415.936.3025 "
VerticalWave Solutions," $10,000+ ",5,$50 - $99,"""10 - 49""","Toronto,",None,https://clutch.co/profile/verticalwave-solutions,http://verticalhq.ca,contact@verticalhq.ca,"
4168202334 "
Orange Mantra," $1,000+ ",5,< $25,"""50 - 249""","Gurgaon,",None,https://clutch.co/profile/orange-mantra,https://www.orangemantra.com/,sales@orangemantra.com,"
+91-9870289050 "
Lemberg Solutions, Undisclosed,4.8,$50 - $99,"""50 - 249""","Lviv,",None,https://clutch.co/profile/lemberg-solutions,https://lembergsolutions.com/,info@lembergsolutions.com,"
38.032.29.88.530 "
The Brihaspati Infotech Pvt. Ltd.," $5,000+ ",5,$25 - $49,"""50 - 249""","Mohali,",None,https://clutch.co/profile/brihaspati-infotech,https://www.brihaspatitech.com/,info@brihaspatitech.com,"
+1(954) 379-2149 "
Web Access, Undisclosed,4.7,$50 - $99,"""10 - 49""","Wilton,",CT,https://clutch.co/profile/web-access,http://www.webaccessglobal.com,askus@webaccessglobal.com,"
203.665.0057 "
Black Antelope," $10,000+ ",4.8,$100 - $149,"""2 - 9""","Seattle,",WA,https://clutch.co/profile/black-antelope,http://www.blackantelope.com,scott@blackantelope.com,"
415.944.1905 "
Shanahan Strategy Inc.," $10,000+ ",5,$150 - $199,"""2 - 9""","San Mateo,",CA,https://clutch.co/profile/shanahan-strategy,http://shanahanstrategy.com,grow@shanahanstrategy.com,"
650.393.5966 "
HyperArts, Undisclosed,5,$100 - $149,"""2 - 9""","Oakland,",CA,https://clutch.co/profile/hyperarts,http://www.hyperarts.com/,tim@hyperarts.com,"
510.339.6084 "
WebWorld Experts," $1,000+ ",5,< $25,"""250 - 999""","Chandigarh,",None,https://clutch.co/profile/webworld-experts,http://www.webworldexperts.com/,info@webworldexperts.com,"
+91(893)-099-9945 "
Planeteria, Undisclosed,4.5,None,"""10 - 49""","Santa Rosa,",CA,https://clutch.co/profile/planeteria,http://www.planeteria.com/,sales@planeteria.com,"
707.843.3773 "
LN Webworks," $5,000+ ",4.5,$25 - $49,"""10 - 49""","Ludhiana,",None,https://clutch.co/profile/ln-webworks,http://lnwebworks.com,info@LNwebworks.com,"
+91 9914896525, 9914827740 "
Clarion Technologies," $25,000+ ",4.7,$25 - $49,"""250 - 999""","Pune,",None,https://clutch.co/profile/clarion-technologies,http://www.clariontech.com,info@clariontech.com,"
800.902.6361 "
Catch," $10,000+ ",4,$50 - $99,"""10 - 49""","London,",None,https://clutch.co/profile/catch,http://www.catchdigital.com,newbiz@catchdigital.com,"
02074943554 "
Net Solutions ," $10,000+ ",4.8,$25 - $49,"""50 - 249""","Chandigarh,",None,https://clutch.co/profile/net-solutions,http://www.netsolutions.com/clutch,info@netsolutions.com,"
+91 (172) 431-5000 "
Activate Media, Undisclosed,4.3,$100 - $149,"""10 - 49""","London,",None,https://clutch.co/profile/activate-media,http://www.activate.co.uk/,info@activate.co.uk,"
+44 20 8810 1003  "
Brown Owl Creative," $5,000+ ",5,$100 - $149,"""2 - 9""","Stansted,",None,https://clutch.co/profile/brown-owl-creative,http://www.brownowlcreative.com,info@brownowlcreative.com,"
+44 80 0999 6164 "
7strategy," $25,000+ ",5,None,"""50 - 249""","Olathe,",KS,https://clutch.co/profile/7strategy,http://www.7strategy.com,sales@7strategy.com,"
1-888-231-3062 "
Inviqa," $50,000+ ",4,$300+,"""50 - 249""","London,",None,https://clutch.co/profile/inviqa,http://inviqa.com/,info@inviqa.com,"
020 3179 9555 "
Tandem," $10,000+ ",5,$100 - $149,"""2 - 9""","Oakland,",CA,https://clutch.co/profile/tandem,https://thinktandem.io/,sales@thinktandem.io,"
 "
QPSoftware," $10,000+  ",4,$50 - $99,"""10 - 49""","Shanghai,",None,https://clutch.co/profile/qpsoftware,https://www.qpsoftware.net,contact@qpsoftware.fr,"
+86-21-5280-7637 "
CloutSoft Technologies, Undisclosed,5,$25 - $49,"""10 - 49""","Chandigarh,",None,https://clutch.co/profile/cloutsoft-technologies,http://www.cloutsoft.com,info@cloutsoft.com,"
+91 75268 23386 "
.wrk," $5,000+ ",4.8,$25 - $49,"""10 - 49""","Novosibirsk,",None,https://clutch.co/profile/wrk,http://dotwrk.com,konstantinbiryukov.dotwrk@gmail.com,"
 "
MARSWorks Inc.," $5,000+ ",4.8,$50 - $99,"""10 - 49""","Ottawa,",None,https://clutch.co/profile/marsworks,https://marsworks.com/,sales@marsworks.com,"
1-613-860-6277 "
Andigo," $10,000+ ",4.8,$150 - $199,"""2 - 9""","New York,",NY,https://clutch.co/profile/andigo,http://www.andigo.com,alists@andigo.com,"
212-727-8445 "
Shinetech Europe," $25,000+ ",5,$50 - $99,"""250 - 999""","London,",None,https://clutch.co/profile/shinetech-europe,http://www.shinetechsolution.com,info@shinetechsolution.com,"
 "
OpsWay, Undisclosed,4.5,$50 - $99,"""50 - 249""","Wroclaw,",None,https://clutch.co/profile/opsway,http://opsway.com,start@opsway.com,"
 "
MindInventory," $5,000+ ",4.8,< $25,"""50 - 249""","Ahmedabad,",None,https://clutch.co/profile/mindinventory-technologies,http://www.mindinventory.com,sales@mindinventory.com,"
+91.951.229.3490 "
Wire Media," $25,000+ ",4.7,$150 - $199,"""2 - 9""","Marina del Rey,",CA,https://clutch.co/profile/wiremedia,http://www.wiremedia.net,hello@wiremedia.net,"
310-955-4900 "
SAM WEB STUDIO," $5,000+ ",4.4,$25 - $49,"""10 - 49""","New Delhi,",None,https://clutch.co/profile/sam-web-studio,https://www.samwebstudio.com,contact@samwebstudio.com,"
+91.9968353570 "
Ameex Technologies Corp.," $10,000+ ",4.7,$50 - $99,"""250 - 999""","Schaumburg,",IL,https://clutch.co/profile/ameex-technologies-corp,http://www.ameexusa.com/,info@ameexusa.com,"
804.920.1956 "
Expansio," $10,000+ ",5,$50 - $99,"""2 - 9""","Pozna,",None,https://clutch.co/profile/expansio,http://www.expans.io,office@expansio.pl,"
 "
The Tactile Group," $10,000+ ",4.5,$100 - $149,"""10 - 49""","Philadelphia,",PA,https://clutch.co/profile/tactile-group,https://www.thetactilegroup.com/,info@thetactilegroup.com,"
215.732.2311 "
Morroni Technologies, Undisclosed,4.8,$100 - $149,"""2 - 9""","Media,",PA,https://clutch.co/profile/morroni-technologies,http://www.morroni.com/,info@morroni.com,"
610.891.9922 "
Media Elements LLC," $5,000+ ",5,$100 - $149,"""2 - 9""","San Francisco,",CA,https://clutch.co/profile/media-elements,http://www.mediaelements.net,info@mediaelements.net,"
415.670.9478 "
Nextware Technologies, Undisclosed,4.7,$100 - $149,"""2 - 9""","Santa Monica,",CA,https://clutch.co/profile/nextware-technologies,http://www.nextwaretech.com/,sales@nextwaretech.com,"
+1 (310) 955-9919 "
Vrrb Interactive," $10,000+ ",4.5,$100 - $149,"""10 - 49""","West Hollywood,",CA,https://clutch.co/profile/vrrb-interactive,http://www.vrrb.com,info@vrrb.com,"
888.988.8772 "
UPlanet Inc ," $10,000+ ",5,$25 - $49,"""50 - 249""","Parker ,",CO,https://clutch.co/profile/uplanet,https://uplanet.biz/,sergii@uplanet.biz,"
+17209519470 "
Rockon Tech Agency, Undisclosed,4.5,$25 - $49,"""10 - 49""","Warsaw,",None,https://clutch.co/profile/rockon-tech-agency,http://rockon.tech,contact@rockon.tech,"
+48.607.366.625 "
XeoDev," $10,000+ ",5,$50 - $99,"""2 - 9""","Orlando,",FL,https://clutch.co/profile/xeodev,https://www.xeodev.com/,partners@xeodev.com,"
(844) 884-9773 "
Tragic Media," $10,000+ ",5,$100 - $149,"""2 - 9""","San Diego,",CA,https://clutch.co/profile/tragic-media,https://tragic.media/,info@tragic.media,"
619.795.6677 "
Old City Interactive, Undisclosed,5,$100 - $149,"""2 - 9""","Washington,",DC,https://clutch.co/profile/old-city-interactive,https://www.oldcityinteractive.com/,info@oldcityinteractive.com,"
202-804-2475 "
RNO1," $10,000+ ",4.7,$200 - $300,"""10 - 49""","Redwood City,",CA,https://clutch.co/profile/rno1,http://rno1.com,letschat@rno1.com,"
650.268.9783 "
eGrove Systems," $1,000+ ",4.3,$25 - $49,"""50 - 249""","Parlin,",NJ,https://clutch.co/profile/egrove-systems,https://www.egrovesys.com,sales-nj@egrovesys.com,"
732 307 2655 "
Tiez Interactive Private Limited," $5,000+ ",4.5,$25 - $49,"""10 - 49""","Utrecht,",None,https://clutch.co/profile/tiez-interactive-private,http://www.tiezinteractive.com,sales@tiez.nl,"
+31 20 4276900 "
Camber Creative," $25,000+ ",4.8,$100 - $149,"""10 - 49""","Orlando,",FL,https://clutch.co/profile/camber-creative,https://www.cmbr.co/,hello@cmbr.co,"
4077065256 "
Mindster," $1,000+ ",4.5,< $25,"""10 - 49""","kozhikode,",None,https://clutch.co/profile/mindster,http://mindster.in/,info@mindster.in,"
9895155586 "
Codesushi.co, Undisclosed,4.7,$50 - $99,"""10 - 49""","Los Angeles,",CA,https://clutch.co/profile/codesushico,http://www.codesushi.co,hello@codesushi.co,"
4159102498 "
Droxic," $10,000+ ",4.8,$50 - $99,"""50 - 249""","Sofia,",None,https://clutch.co/profile/droxic,http://droxic.com,george.georgiev@droxic.com,"
+359.2.870.4704 "
Zenetix digital production," $1,000+ ",5,$25 - $49,"""2 - 9""","Dnipro,",None,https://clutch.co/profile/zenetix-digital-production,http://zenetix.com.ua/en,alex.popov@zenetix.com.ua,"
+380(96)885-75-45 "
Pattronize InfoTech," $1,000+ ",5,< $25,"""10 - 49""","Coimbatore,",None,https://clutch.co/profile/pattronize-infotech,http://www.pattronize.com,info@pattronize.com,"
+91422-4273788 "
Creed Interactive, Undisclosed,4.5,$150 - $199,"""10 - 49""","St. Paul,",MN,https://clutch.co/profile/creed-interactive,http://www.creedinteractive.com,info@creedinteractive.com,"
651.356.6996 "
Lotasoft," $5,000+ ",5,$25 - $49,"""2 - 9""","Minsk,",None,https://clutch.co/profile/lotasoft,http://www.lotasoft.com,info@lotasoft.com,"
 "
Smartbees," $1,000+ ",4.3,$25 - $49,"""2 - 9""","Opole,",None,https://clutch.co/profile/smartbees,https://smartbees.co,kontakt@smartbees.pl,"
77 333 50 25 "
PTI WebTech," $1,000+ ",5,< $25,"""10 - 49""","Jaipur,",None,https://clutch.co/profile/pti-webtech,https://www.ptiwebtech.com,info@ptiwebtech.com,"
+91 9461017829 "
Handsome," $100,000+ ",4.3,$200 - $300,"""10 - 49""","Austin,",TX,https://clutch.co/profile/handsome,http://handsome.is/,contact@handsome.is,"
512.900.1177 "
Roll'n'Code," $10,000+ ",4.8,$25 - $49,"""10 - 49""","Zaporizhya,",None,https://clutch.co/profile/rollncode,http://rollncode.com,hello@rollncode.com,"
 "
FuGenX, Undisclosed,3.4,$25 - $49,"""50 - 249""","Bangalore,",None,https://clutch.co/profile/fugenx,http://www.fugenx.in,info@fugenx.in,"
080 66116611 "
Ralph Walker Designs, Undisclosed,5,$100 - $149,"""2 - 9""","Detroit,",MI,https://clutch.co/profile/ralph-walker-designs,http://www.ralphwalkerdesigns.com,info@ralphwalkerdesigns.com,"
(313) 305-0705 "
Magic Logix," $50,000+ ",4.3,$150 - $199,"""10 - 49""","Dallas,",TX,https://clutch.co/profile/magic-logix,https://www.magiclogix.com,info@magiclogix.com,"
214.694.2162 "
Arsum," $5,000+ ",5,$50 - $99,"""2 - 9""","San Francisco,",CA,https://clutch.co/profile/arsum,https://www.arsum.com/,jk@arsum.com,"
 "
"Fountain City, Inc."," $5,000+ ",4.5,$100 - $149,"""10 - 49""","Raleigh,",NC,https://clutch.co/profile/fountain-city,http://fountain-city.com,contact@fountain-city.com,"
5037062858 "
Namango Web Development," $5,000+ ",5,$100 - $149,"""10 - 49""","Glendale,",CA,https://clutch.co/profile/namango-web-development,http://www.namango.com/,project.namango@gmail.com,"
 "
Firebrand," $10,000+ ",5,$100 - $149,"""10 - 49""","Minneapolis,",MN,https://clutch.co/profile/firebrand,http://firebrand.net,m@firebrand.net,"
 "
Clever Solution Inc.," $10,000+ ",5,$50 - $99,"""10 - 49""","New York,",NY,https://clutch.co/profile/clever-solution,https://clever-solution.com/,sg@clever-solution.com,"
 "
Zeus Group," $1,000+ ",4.4,None,"""50 - 249""","London,",None,https://clutch.co/profile/zeus-group,https://ze-us.xyz/,info@ze-us.xyz,"
+44 129 73 900 60 "
PopcornApps, Undisclosed,4.3,$100 - $149,"""250 - 999""","Fremont,",CA,https://clutch.co/profile/popcornapps,http://www.popcornapps.com,info@popcornapps.com,"
5105099934 "
Propelur," $1,000+ ",4.8,$25 - $49,"""10 - 49""","Gilbert,",AZ,https://clutch.co/profile/propelur,http://www.propelur.com/,sales@propelur.com,"
800.677.0517 "
Slidesigma," $5,000+ ",4.9,$50 - $99,"""2 - 9""","New York,",NY,https://clutch.co/profile/slidesigma,http://slidesigma.com,info@slidesigma.com,"
 "
Abbacus Technologies," $5,000+ ",4.8,$25 - $49,"""50 - 249""","Ahmedabad,",None,https://clutch.co/profile/abbacus-technologies,http://www.abbacustechnologies.com,dhaval@webtechsystem.com,"
 "
Design-First, Undisclosed,4.5,$50 - $99,"""2 - 9""","Duluth,",GA,https://clutch.co/profile/design-first,http://www.design-first.com,vann@design-first.com,"
678.969.0448 "
UNL Solutions LTD," $5,000+ ",4.8,$25 - $49,"""50 - 249""","Loughborough ,",None,https://clutch.co/profile/unl-solutions,http://unl.solutions,info@unl.solutions,"
+44 1509 733445 "
NerdzLab," $10,000+ ",5,$25 - $49,"""10 - 49""","Lviv,",None,https://clutch.co/profile/nerdzlab,https://nerdzlab.com,supernerd@nerdzlab.com,"
+38.063.124.3399 "
InAllMedia, Undisclosed,5,$25 - $49,"""2 - 9""","Seattle,",WA,https://clutch.co/profile/inallmedia,http://inallmedia.com,sales@inallmedia.com,"
+01.212.4203.3030 "
CMC Software Solution, Undisclosed,4,< $25,"""50 - 249""","Hanoi,",None,https://clutch.co/profile/cmc-software-solution,http://cmc-outsource.com/en/about-us.html,outsource@cmc.com.vn,"
+84.4.3943.9066 "
360 Degree Technosoft," $5,000+ ",4.3,< $25,"""50 - 249""","Ahmedabad,",None,https://clutch.co/profile/360-degree-technosoft,https://www.360technosoft.com,contact@360technosoft.com,"
+91 90 8188 8816 "
AvigoSystems," $1,000+ ",4,$50 - $99,"""2 - 9""","Fairfax,",VA,https://clutch.co/profile/avigosystems,http://www.websitedesigncompany.co,info@avigosystems.com,"
703-957-9327 "
Genico," $5,000+ ",5,$25 - $49,"""2 - 9""","Sunny Isles Beach,",FL,https://clutch.co/profile/genico,https://genico.us,hello@genico.us,"
+13053188882 "
UPH Global ," $1,000+ ",5,$25 - $49,"""2 - 9""","Minsk,",None,https://clutch.co/profile/uph-global,http://uph-digital.com,hello@uph-digital.com,"
+ 375 33 614 3646 "
Teczon Labs," $1,000+ ",4,< $25,"""Freelancer""","Lahore,",None,https://clutch.co/profile/teczon-labs,https://www.teczonlabs.com/,info@teczonlabs.com,"
+923334703069 "
Phase2 ," $10,000+ ",None,$150 - $199,"""50 - 249""","Alexandria,",VA,https://clutch.co/profile/phase2,https://www.phase2technology.com/,info@phase2technology.com,"
703.548.6050 "
Advomatic, Undisclosed,None,$150 - $199,"""10 - 49""","New York,",NY,https://clutch.co/profile/advomatic,http://www.advomatic.com/,sales@advomatic.com,"
212-812-4180 "
Appnovation Technologies," $10,000+ ",None,$100 - $149,"""250 - 999""","Vancouver,",None,https://clutch.co/profile/appnovation-technologies,http://www.appnovation.com,contact@appnovation.com,"
604.568.0313 "
Duo Consulting, Undisclosed,None,$100 - $149,"""10 - 49""","Chicago,",IL,https://clutch.co/profile/duo-consulting-0,http://www.duoconsulting.com/,msilverman@duoconsulting.com,"
312.529.3000 "
Entity Creative - Out of Business, Undisclosed,4.5,$50 - $99,"""2 - 9""","Shawnee Mission,",KS,https://clutch.co/profile/entity-creative-out-business,http://www.entitycreative.com,info@entitycreative.com,"
913.230.2242 "
miggle," $25,000+ ",None,$200 - $300,"""10 - 49"""," brighton & hove,",None,https://clutch.co/profile/miggle,http://www.miggle.co.uk/,info@miggle.co.uk,"
+44 (0) 1273 358448 "
"WebEnertia, Inc."," $25,000+ ",None,$100 - $149,"""50 - 249""","San Jose,",CA,https://clutch.co/profile/webenertia,https://www.webenertia.com,info@webenertia.com,"
(408)246-0000 "
AG Prime," $5,000+ ",None,$25 - $49,"""10 - 49""",None,None,https://clutch.co/profile/ag-prime,http://www.ag-prime.com,contact@ag-prime.com,"
 "
Graphite Digital," $25,000+ ",None,$200 - $300,"""10 - 49""","Brighton,",None,https://clutch.co/profile/graphite-digital,https://www.graphitedigital.com/,contact@graphitedigital.com,"
+44 (0) 1273 679 333 "
DJ Case & Associates, Undisclosed,None,$100 - $149,"""10 - 49""","Mishawaka,",IN,https://clutch.co/profile/dj-case-associates,http://DJCase.com,jon@djcase.com,"
574.258.0100 "
Torchbox," $50,000+ ",None,None,"""50 - 249""","Bristol,",None,https://clutch.co/profile/torchbox,https://torchbox.com/,hello@torchbox.com,"
01608 811870 "
Dupont Creative, Undisclosed,None,$150 - $199,"""10 - 49""","Washington,",DC,https://clutch.co/profile/dupont-creative,http://www.dupontcreative.com/,dc@dupontcreative.com,"
202.554.2200 "
avatar new york," $25,000+ ",None,$100 - $149,"""10 - 49""","New York,",NY,https://clutch.co/profile/avatar-new-york,http://avatarnewyork.com/,sales.g@avatarnewyork.com,"
646-392-8184 "
Pixel by Pixel," $25,000+ ",None,$200 - $300,"""10 - 49""","Worthing,",None,https://clutch.co/profile/pixel-pixel,http://www.pixelbypixel.co.uk/,hello@pixelbypixel.co.uk,"
+44 01903 244274 "
August Ash, Undisclosed,None,$100 - $149,"""10 - 49""","Bloomington,",MN,https://clutch.co/profile/august-ash,http://augustash.com,sales@augustash.com,"
952.851.9400 "
Bits Creative Agency," $25,000+ ",None,$100 - $149,"""2 - 9""","Halifax,",None,https://clutch.co/profile/bits-creative-agency,https://bits.co/,info@bits.co,"
902.442.8392 "
"Neuron Global, Inc.", Undisclosed,None,$25 - $49,"""10 - 49""","New York,",NY,https://clutch.co/profile/neuron-global,http://www.neuronglobal.com/,info@neuronglobal.com,"
800.311.0532 "
Grey Matter India PVT LTD, Undisclosed,None,None,"""250 - 999""","Mumbai,",None,https://clutch.co/profile/grey-matter-india,http://www.greymatterindia.com,contact@greymatterindia.com,"
+91-22-28685623 "
Anubavam, Undisclosed,None,None,"""10 - 49""","San Antonio,",TX,https://clutch.co/profile/anubavam,http://www.anubavam.com/,info@anubavam.com,"
800.414.4172 "
CommonPlaces Interactive," $5,000+ ",None,$100 - $149,"""10 - 49""","Manchester,",NH,https://clutch.co/profile/commonplaces-interactive,http://www.commonplaces.com/,marketing@commonplaces.com,"
603.329.6760 "
Securenext Software Corp, Undisclosed,None,$25 - $49,"""50 - 249""","Chennai,",None,https://clutch.co/profile/securenext-software-corp,http://www.securenext.com,info@securenext.com,"
+919884064007 "
RV Technologies ," $1,000+ ",1.5,$25 - $49,"""50 - 249""","Chandigarh,",None,https://clutch.co/profile/rv-technologies,http://rvtechnologies.co.in/,rvitexperts@gmail.com,"
+91 89685 19881 "
NorthBay ," $75,000+ ",5,$50 - $99,"""50 - 249""","Cambridge,",MA,https://clutch.co/profile/northbay,http://www.northbaysolutions.com,jim.keller@northbaysolutions.com,"
617.433.9221 ext. 103 "
Lateral Inc.," $5,000+ ",None,$50 - $99,"""50 - 249""",None,None,https://clutch.co/profile/lateral,http://www.lateral-inc.com,hello@lateral-inc.com,"
 "
Treeline," $50,000+ ",None,None,"""10 - 49""","San Diego,",CA,https://clutch.co/profile/treeline,http://treelineinteractive.com/,sales@treelineinteractive.com,"
800.764.4876 "
Smile MEDIA," $5,000+ ",None,$150 - $199,"""10 - 49""","Boston,",MA,https://clutch.co/profile/smile-media,https://www.smilemultimedia.com/,info@smilemultimedia.com,"
1(617) 399-8216 "
SSD Software Solutions, Undisclosed,None,$25 - $49,"""10 - 49""","Los Angeles,",CA,https://clutch.co/profile/ssd-software-solutions,http://www.ssdsoftwaresolutions.com/,info@ssdsoftwaresolutions.com,"
310.461.1490 "
Upstatement," $100,000+ ",None,$200 - $300,"""10 - 49""","Boston,",MA,https://clutch.co/profile/upstatement,http://upstatement.com,info@upstatement.com,"
617 329 1316 "
Infinite Leap," $5,000+ ",None,$25 - $49,"""10 - 49""","Novi Sad,",None,https://clutch.co/profile/infinite-leap,http://www.infiniteleap.co,hi@infiniteleap.co,"
 "
"Bayinteractive, Inc.", Undisclosed,None,$100 - $149,"""10 - 49""","San Francisco,",CA,https://clutch.co/profile/bayinteractive,http://www.bayinteractive.com,info@bayinteractive.com,"
415.529.5000 "
The Jibe," $50,000+ ",None,$100 - $149,"""10 - 49""","Vancouver,",None,https://clutch.co/profile/jibe,https://thejibe.com,go@thejibe.com,"
+1-877-866-5423 "
Popesites," $10,000+ ",None,$50 - $99,"""10 - 49""","Pleasant Hill,",CA,https://clutch.co/profile/popesites,https://popesites.com/,conner@popesites.tech,"
925-392-5619 "
MobileCoderz Technologies Pvt Ltd," $1,000+ ",None,< $25,"""10 - 49""","Noida,",None,https://clutch.co/profile/mobilecoderz-technologies,http://mobilecoderz.com/,sales@mobilecoderz.com,"
91-01204913548 "
Yugasa Software Labs," $5,000+ ",None,< $25,"""50 - 249""","Gurgaon,",None,https://clutch.co/profile/yugasa-software-labs,http://www.yugasa.com,contact@yugasa.com,"
91 8800522257 "
ThermoDynamo, Undisclosed,None,$50 - $99,"""2 - 9""","Hopkins,",MN,https://clutch.co/profile/thermodynamo,http://www.thermodynamo.com,contact@thermodynamo.com,"
612.250.2828 "
Webure Technologies Private Limited," $25,000+ ",None,$25 - $49,"""10 - 49""","Dallas,",TX,https://clutch.co/profile/webure-technologies-private,https://www.webure.com/,contact@webure.com,"
(+1 469 206 4312) "
Sproutbox Media, Undisclosed,None,$100 - $149,"""2 - 9""","Portland,",OR,https://clutch.co/profile/sproutbox-media,https://sproutboxmedia.com/,hello@sproutboxmedia.com,"
503.610.3560 "
GoodFolk," $10,000+ ",None,$100 - $149,"""2 - 9""","Chicago,",IL,https://clutch.co/profile/goodfolk,https://goodfolk.agency/,studio@goodfolk.agency,"
844.464.3655 "
Yellow Objects Solutions Private Limited, Undisclosed,None,$25 - $49,"""10 - 49""","Jaipur,",None,https://clutch.co/profile/yellow-objects-solutions-private,http://www.yellowobjects.com,info@yellowobjects.com,"
91.14.1405.9779 "
BSN Infotech," $1,000+ ",None,$25 - $49,"""50 - 249""","Lucknow,",None,https://clutch.co/profile/bsn-infotech,http://www.bsninfotech.net,info@bsninfotech.net,"
0522-4959891 "
Eton Digital," $10,000+ ",None,$100 - $149,"""50 - 249""","London,",None,https://clutch.co/profile/eton-digital,https://www.etondigital.com/,hello@etondigital.com,"
203.733.8109 "
iSOS," $10,000+ ",None,$100 - $149,"""50 - 249""","Lewes,",None,https://clutch.co/profile/isos,https://www.isos.com/,hello@isos.com,"
127.335.8100 "
BrightLemon," $10,000+ ",None,$100 - $149,"""10 - 49""","London,",None,https://clutch.co/profile/brightlemon,http://brightlemon.com/,info@brightlemon.com,"
207.608.2838 "
Axis12," $5,000+ ",None,$100 - $149,"""10 - 49""","London,",None,https://clutch.co/profile/axis12,http://www.axistwelve.com,info@axistwelve.com,"
+44.0203.397.8514 "
ComputerMinds," $25,000+ ",None,$25 - $49,"""10 - 49""","Bristol,",None,https://clutch.co/profile/computerminds,https://www.computerminds.co.uk/,info@computerminds.co.uk,"
+44.117.968.6368 "
Adaptive," $10,000+ ",None,$150 - $199,"""10 - 49""","Derby,",None,https://clutch.co/profile/adaptive,http://www.adaptive.co.uk/,contact@adaptive.co.uk,"
800.321.3187 "
ixis," $10,000+ ",None,$150 - $199,"""10 - 49""","Warrington,",None,https://clutch.co/profile/ixis,https://ixis.co.uk/,hello@ixis.co.uk,"
+44.192.532.0041 "
Developmenticon," $5,000+ ",None,$25 - $49,"""10 - 49""","Noida,",None,https://clutch.co/profile/developmenticon,http://www.developmenticon.com,developmenticon@gmail.com,"
919958022388 "
PSDtoDrupalDeveloper," $1,000+ ",None,< $25,"""Freelancer""",None,None,https://clutch.co/profile/psdtodrupaldeveloper,http://www.psdtodrupaldeveloper.com/,sales@psdtodrupaldeveloper.com,"
 "
TriKonnect Technologies, Undisclosed,None,$25 - $49,"""10 - 49""","Bangalore,",None,https://clutch.co/profile/trikonnect-technologies,http://www.trikonnect.com,info@trikonnect.com,"
91.934.171.9191 "
La Drupalera, Undisclosed,None,None,"""50 - 249""","Sevilla,",None,https://clutch.co/profile/la-drupalera,https://www.ladrupalera.com/es,ed-canales@emergya.com,"
0034954517577 "
Sage Tree Solutions, Undisclosed,None,$100 - $149,"""10 - 49""","San Diego,",CA,https://clutch.co/profile/sage-tree-solutions,http://www.sagetree.com/,info@sagetree.net,"
866.728.9100 "
95Visual," $5,000+ ",None,$100 - $149,"""2 - 9""","Los Angeles,",CA,https://clutch.co/profile/95visual,https://www.95visual.com/,info@95visual.com,"
818.495.5958 "
OpenSense Labs," $5,000+ ",None,$25 - $49,"""10 - 49""","Delhi,",None,https://clutch.co/profile/opensense-labs,http://www.opensenselabs.com,hello@opensenselabs.com,"
+91-9560201510 "
"Cosmonaut Creative Media, LLC"," $5,000+ ",None,$100 - $149,"""2 - 9""","Portland,",OR,https://clutch.co/profile/cosmonaut-creative-media,http://www.gocosmonaut.com/,launch@gocosmonaut.com,"
503.222.4332 "
Digital8," $5,000+ ",None,$100 - $149,"""10 - 49""","South Brisbane,",None,https://clutch.co/profile/digital8,https://digital8.com.au/,sales@digital8.com.au,"
1300 382 777 "
"Stylefish, inc."," $5,000+ ",None,$100 - $149,"""2 - 9""","Minneapolis,",MN,https://clutch.co/profile/stylefish,http://www.stylefish.com/,info@stylefish.com,"
 "
Pictonio Lda., Undisclosed,None,$50 - $99,"""2 - 9""","Aveiro,",None,https://clutch.co/profile/pictonio-lda,http://www.pictonio.com,pictonio@pictonio.com,"
00351234044500 "
GOLEMS G.A.B.B. O, Undisclosed,None,$25 - $49,"""2 - 9""","Tallinn,",None,https://clutch.co/profile/golems-gabb-o%C3%BC,https://gole.ms/,golems@gole.ms,"
 "
LLC VelvetDev," $5,000+ ",None,$25 - $49,"""10 - 49""","Minsk,",None,https://clutch.co/profile/velvetdev,http://www.velvetdev.com/,info@velvetdev.com,"
+375.29.622.07.35 "
Woolwich Web Works," $1,000+ ",None,$50 - $99,"""2 - 9""","Elmira,",None,https://clutch.co/profile/woolwich-web-works,http://woolwichweb.works,megan@woolwichweb.works,"
519-669-8918 "
AnyforSoft," $10,000+ ",None,$25 - $49,"""50 - 249""","Kharkiv,",None,https://clutch.co/profile/anyforsoft,https://anyforsoft.com,sales@anyforsoft.com,"
 "
Great Matter," $5,000+ ",None,$100 - $149,"""2 - 9""","Los Angeles,",CA,https://clutch.co/profile/great-matter,https://www.greatmatter.com/,info@greatmatter.com,"
310.596.8020 "
Web & Mobile Studio," $1,000+ ",None,$25 - $49,"""10 - 49""","Toronto,",None,https://clutch.co/profile/web-mobile-studio,http://webandmobilestudio.com/,paul@webandmobilestudio.com,"
 "
WEBCURL LTD.," $10,000+ ",None,None,"""10 - 49""","OXFORD,",None,https://clutch.co/profile/webcurl,http://webcurl.co.uk,support@webcurl.co.uk,"
+44 (0)1865 741 762 "
Awebia LLC," $1,000+ ",None,$25 - $49,"""10 - 49""","Kiev,",None,https://clutch.co/profile/awebia,http://awebia.com,vs@awebia.com,"
+1.347.509.5555 "
Deeson," $10,000+ ",None,$100 - $149,"""10 - 49""","London,",None,https://clutch.co/profile/deeson,https://www.deeson.co.uk/,hello@deeson.co.uk,"
207.186.8239 "
Drupal India," $1,000+ ",None,< $25,"""50 - 249""","Gurgaon,",None,https://clutch.co/profile/drupal-india,http://drupalindia.co.in/,drupalgurgaon@gmail.com,"
9870289050 "
Chronos Interactive, Undisclosed,None,$100 - $149,"""10 - 49""","Denver,",CO,https://clutch.co/profile/chronos-interactive,http://www.chronosinteractive.com/,duane@chronosinteractive.com,"
 "
Stitch Technologies," $5,000+ ",None,$100 - $149,"""2 - 9""","Playa del Rey,",CA,https://clutch.co/profile/stitch-technologies,http://stitch-technologies.com/,info@stitch-technologies.com,"
304.278.4824 "
Evolving Web," $5,000+ ",None,$100 - $149,"""2 - 9""","Montreal,",None,https://clutch.co/profile/evolving-web,https://evolvingweb.ca/,info@evolvingweb.ca,"
514.844.4930 "
Will Hall Online," $10,000+ ",None,$150 - $199,"""2 - 9""","Cambridge,",None,https://clutch.co/profile/will-hall-online,https://www.willhallonline.co.uk/,will@willhallonline.co.uk,"
122.391.1170 "
Flatorb Inc, Undisclosed,None,$25 - $49,"""10 - 49""","New Rochelle,",NY,https://clutch.co/profile/flatorb,http://www.flatorb.com,contact@flatorb.com,"
202.525.7776 "
BigTuna Interactive," $5,000+ ",None,$100 - $149,"""2 - 9""","Austin,",TX,https://clutch.co/profile/bigtuna-interactive,https://www.bigtunainteractive.com/,adam@bigtunainteractive.com,"
+1.858.952.0837 "
Kanopi Studios, Undisclosed,None,$100 - $149,"""10 - 49""","San Francisco,",CA,https://clutch.co/profile/kanopi-studios,http://www.kanopistudios.com/,anne@kanopistudios.com,"
415-571-9450 "
"WEB Partners, JSC"," $10,000+ ",None,$50 - $99,"""10 - 49""","Kaunas,",None,https://clutch.co/profile/web-partners-jsc,http://en.webpartners.lt/welcome,mantas@webpartners.lt,"
370.616.77615 "
Balidea," $10,000+ ",None,$25 - $49,"""50 - 249""","Santiago de Compostela,",None,https://clutch.co/profile/balidea,http://www.balidea.com/,info@balidea.com,"
+34.981.93.78.76 "
VERB Interactive Inc.," $25,000+ ",None,$25 - $49,"""50 - 249""","Halifax,",None,https://clutch.co/profile/verb-interactive,http://www.verbinteractive.com/,sales@verbinteractive.com,"
+1.902.444.7656 "
Freshbyte," $1,000+ ",None,$25 - $49,"""50 - 249""","Napoca,",None,https://clutch.co/profile/freshbyte,http://www.freshbyteinc.com/,hello@freshbyteinc.com,"
+40.364.100.152 "
Wunderkraut," $1,000+ ",None,$300+,"""50 - 249""","Antwerp,",None,https://clutch.co/profile/wunderkraut,https://wunderkraut.be,tyler.bain@wunderkraut.com,"
+32 3 298 69 98 "
Drupal Ninja," $1,000+ ",None,$25 - $49,"""Freelancer""","Pozna,",None,https://clutch.co/profile/drupal-ninja,https://www.drupalninja.pl,info@drupalninja.pl,"
+48 660 671 403 "
rTraction," $10,000+ ",None,$100 - $149,"""10 - 49""","London,",None,https://clutch.co/profile/rtraction,http://www.rtraction.com/,sales@rTraction.com,"
519.438.9064 "
Coherence," $10,000+ ",None,$100 - $149,"""10 - 49""","Clerkenwell,",None,https://clutch.co/profile/coherence,https://www.coherence.co.uk/,hello@coherence.co.uk,"
208.050.0007 "
OPIN Software Inc.," $25,000+ ",None,$25 - $49,"""10 - 49""","Ottawa,",None,https://clutch.co/profile/opin-software,http://www.opin.ca/en,support@opin.ca,"
+1.613.656.9983 "
Brainium Labs," $5,000+ ",None,$100 - $149,"""10 - 49""","Darwin,",None,https://clutch.co/profile/brainium-labs,https://www.brainiumlabs.com.au,hello@brainiumlabs.com.au,"
+61889851713 "
Outlier," $10,000+ ",None,$100 - $149,"""2 - 9""","Portland,",OR,https://clutch.co/profile/outlier,http://www.outlier.com/,hello@outlier.com,"
971.533.7223 "
Website Express," $25,000+ ",None,$25 - $49,"""2 - 9""","Cardiff,",None,https://clutch.co/profile/website-express,https://www.website-express.co.uk/,info@website-express.co.uk,"
+44.029.2000.4547 "
Sagetree," $25,000+ ",None,$100 - $149,"""2 - 9""","Chula Vista,",CA,https://clutch.co/profile/sagetree,https://www.sagetree.com/,letschat@sagetree.net,"
(866)728-9100 "
Object Source," $10,000+ ",None,$150 - $199,"""2 - 9""","London,",None,https://clutch.co/profile/object-source,https://objectsource.co.uk/,hello@objectsource.co.uk,"
+44.0.203.301.3820 "
Drupology," $25,000+ ",None,$25 - $49,"""2 - 9""","London,",None,https://clutch.co/profile/drupology,https://www.drupology.co.uk/,hello@drupology.com,"
0330.606.1480 "
Natural Apptitude," $10,000+ ",None,$100 - $149,"""2 - 9""","Bristol,",None,https://clutch.co/profile/natural-apptitude,http://www.natural-apptitude.co.uk/m,info@natural-apptitude.co.uk,"
798.591.4111 "
Tuba-tech," $5,000+ ",None,$25 - $49,"""2 - 9""","Larroque,",None,https://clutch.co/profile/tuba-tech,http://www.tuba-tech.com.ar/,matias.andreatta@gmail.com,"
 "
Hydrant," $25,000+ ",None,$25 - $49,"""10 - 49""","Carlisle,",None,https://clutch.co/profile/hydrant,https://www.hydrant.co.uk/,hello@hydrant.co.uk,"
01228.830001 "
"Tag1 Consulting, Inc."," $5,000+ ",None,$200 - $300,"""10 - 49""","Pompano Beach,",FL,https://clutch.co/profile/tag1-consulting,https://tag1consulting.com/,support@tag1consulting.com,"
877-875-8824 "
trio-interactive," $5,000+ ",None,$50 - $99,"""50 - 249""","Mannheim,",None,https://clutch.co/profile/trio-interactive,https://www.trio-interactive.com/,i.radulovski@trio-group.de,"
 "
OMBU," $5,000+ ",None,$100 - $149,"""10 - 49""","Portland,",OR,https://clutch.co/profile/ombu,http://ombuweb.com/,martin@ombuweb.com,"
503.395.0722 "
RockSolid PSF," $1,000+ ",None,$25 - $49,"""10 - 49""","Kiev,",None,https://clutch.co/profile/rocksolid-psf,http://rocksolid.com.ua,info@rocksolid.com.ua,"
+380444269665 "
Graphically Speaking," $10,000+ ",None,$100 - $149,"""10 - 49""","Vancouver,",None,https://clutch.co/profile/graphically-speaking,http://www.graphicallyspeaking.ca/,team@graphicallyspeaking.ca,"
604.682.5500 "
Element 31," $5,000+ ",None,$100 - $149,"""Freelancer""","Marietta,",GA,https://clutch.co/profile/element-31,http://element31.com/,,"
+1.678.436.3131 "
Strange," $10,000+ ",None,$150 - $199,"""10 - 49""","Bournemouth,",None,https://clutch.co/profile/strange,https://www.strangecorp.com/,results@strangecorp.com,"
01202.203160 "
Fishnet NewMedia," $5,000+ ",None,$100 - $149,"""2 - 9""","Chatham,",MA,https://clutch.co/profile/fishnet-newmedia,https://www.ahoy.com/,fishnet@ahoy.com,"
+1.508.888.3456 "
Abventor - a team of Drupal developers ," $1,000+ ",None,$25 - $49,"""10 - 49""","Krakow,",None,https://clutch.co/profile/abventor-team-drupal-developers,https://www.abventor.com,clutch@abventor.com,"
+48.12.444.10.40 "
Yellow Pencil," $25,000+ ",None,$25 - $49,"""10 - 49""","Edmonton,",None,https://clutch.co/profile/yellow-pencil,https://yellowpencil.com/,sales@yellowpencil.com,"
+1.780.423.5917 "
Creative Propulsion Labs, Undisclosed,None,$50 - $99,"""2 - 9""","Miami,",FL,https://clutch.co/profile/creative-propulsion-labs,https://www.creativepl.com,info@creativepl.com,"
786.360.1669 "
Acro Media Inc.," $25,000+ ",None,None,"""50 - 249""","Kelowna,",None,https://clutch.co/profile/acro-media,https://www.acromediainc.com/,solutions@acromediainc.com,"
+1.250.763.8884 "
Coffee IT, Undisclosed,None,$50 - $99,"""10 - 49""","Utrecht,",None,https://clutch.co/profile/coffee-it,https://coffeeit.nl,contact@coffeeit.nl,"
 "
Appwhiz, Undisclosed,None,$50 - $99,"""50 - 249""","Dubai,",None,https://clutch.co/profile/appwhiz,http://www.appwhiz.ae,laith@appwhiz.ae,"
 "
Smashing Infotech, Undisclosed,None,< $25,"""10 - 49""","Indore,",None,https://clutch.co/profile/smashing-infotech,http://www.smashinginfotech.com,hello@smashinginfotech.com,"
0731-4968725 "
First Scribe Inc.," $5,000+ ",None,$100 - $149,"""10 - 49""","Minnetonka,",MN,https://clutch.co/profile/first-scribe,https://www.firstscribe.com/,sales@firstscribe.com,"
 "
Rehab Creative LLC," $10,000+ ",None,$150 - $199,"""2 - 9""","Englewood,",None,https://clutch.co/profile/rehab-creative,https://rehabcreative.com/,gethelp@rehabcreative.com,"
+1.720.458.5280 "
Balcom Agency," $10,000+ ",None,$100 - $149,"""10 - 49""","Fort Worth,",TX,https://clutch.co/profile/balcom-agency,https://www.balcomagency.com/,info@balcomagency.com,"
817.877.9933 "
"Outburst Web, LLC"," $1,000+ ",None,$100 - $149,"""2 - 9""","Indianapolis,",IN,https://clutch.co/profile/outburst-web,https://www.outburstweb.com,info@outburstweb.com,"
 "
Reflect Digital," $25,000+ ",None,$25 - $49,"""10 - 49""","Kent,",None,https://clutch.co/profile/reflect-digital,https://www.reflectdigital.co.uk/,sales@reflectdigital.co.uk,"
+44.1622.728800 "
Creode," $25,000+ ",None,$25 - $49,"""10 - 49""","Leeds,",None,https://clutch.co/profile/creode,http://www.creode.co.uk/,contact@creode.co.uk,"
+44.113.834.3635 "
Fenix Solutions Inc.," $25,000+ ",None,$25 - $49,"""10 - 49""","Ottawa,",None,https://clutch.co/profile/fenix-solutions,http://fenix-solutions.com/,info@fenix-solutions.com,"
+1.613.564.3344 "
Touch4IT, Undisclosed,None,None,"""10 - 49""","Bratislava,",None,https://clutch.co/profile/touch4it,https://touch4it.com,hi@touch4it.com,"
 "
Kultprosvet," $1,000+ ",None,$25 - $49,"""10 - 49""","Dnipro,",None,https://clutch.co/profile/kultprosvet,http://kultprosvet.net,info@kultprosvet.net,"
+380 67 627 43 00 "
Fat Beehive Ltd," $10,000+ ",None,$100 - $149,"""10 - 49""","London,",None,https://clutch.co/profile/fat-beehive,http://www.fatbeehive.com,hello@fatbeehive.com,"
+44 (0)20 7739 8704 "
Kainspire," $1,000+ ",None,< $25,"""10 - 49""","Ghazibad,",None,https://clutch.co/profile/kainspire,http://www.kainspiresw.com,sales@kainspiresw.com,"
9643160086 "
Emergya , Undisclosed,None,None,"""250 - 999""","Sevilla,",None,https://clutch.co/profile/emergya,https://www.emergya.com/en,info@emergya.com,"
+34 954 51 75 77 "
GeekHive," $25,000+ ",None,$150 - $199,"""50 - 249""","Warwick,",NY,https://clutch.co/profile/geekhive,http://www.geekhive.com,hello@geekhive.com,"
917-259-064 "
EchoTech Group ," $10,000+ ",None,$100 - $149,"""10 - 49""","Woodland Hills,",CA,https://clutch.co/profile/echotech-group,http://echotechgroup.com/,info@echotechgroup.com,"
818.351.7200 "
Monimedia," $50,000+ ",None,$100 - $149,"""10 - 49""","Kowloon Tong,",None,https://clutch.co/profile/monimedia,http://www.monimedia.com,info@monimedia.com,"
852 3188 3660 "
BEAM Interactive," $50,000+ ",None,$150 - $199,"""50 - 249""","Boston,",MA,https://clutch.co/profile/beam-interactive,https://www.beamland.com,hello@beamland.com,"
617.523.0500 "
iGlobsyn Technologies," $1,000+ ",None,$25 - $49,"""50 - 249""","Hitchin ,",None,https://clutch.co/profile/iglobsyn-technologies,http://iglobsyn.com/,info@iglobsyn.com,"
 "
Every Angle Media," $5,000+ ",None,$100 - $149,"""10 - 49""","Hermosa Beach,",CA,https://clutch.co/profile/every-angle-media,http://everyanglemedia.com/,info@everyanglemedia.com,"
310.798.7228 "
Melcher Studios," $25,000+ ",None,$25 - $49,"""10 - 49""","Regina,",None,https://clutch.co/profile/melcher-studios,http://www.melcher.ca/,info@melcher.ca,"
+1.306.359.1666 "
"Omni Strategic Technologies, Inc."," $1,000+ ",None,$100 - $149,"""10 - 49""","Wheeling,",WV,https://clutch.co/profile/omni-strategic-technologies,http://omniperforms.com,info@omniperforms.com,"
(800) 300-5543 "
Bravo Web Solutions," $1,000+ ",None,$50 - $99,"""2 - 9""","Portland,",OR,https://clutch.co/profile/bravo-web-solutions,https://www.bravoweb.com/,sales@bravoweb.com,"
503.680.4286 "
TeqStudio Services, Undisclosed,None,< $25,"""10 - 49""","Pune,",None,https://clutch.co/profile/teqstudio-services,http://teqstudio.com,info@teqstudio.com,"
020-6511-5085 "
Webby Central," $1,000+ ",None,$25 - $49,"""50 - 249""","Fremont,",CA,https://clutch.co/profile/webby-central,http://www.webbycentral.com/,sales@webbycentral.com,"
+1 (302) 597-9039 "
iSpectra," $5,000+ ",None,$25 - $49,"""10 - 49""","Amman,",None,https://clutch.co/profile/ispectra,http://www.ispectra-mena.com/,info@ispectra-mena.com,"
+962799129404 "
Adapt agency," $5,000+ ",None,$100 - $149,"""50 - 249""","Boston,",MA,https://clutch.co/profile/adapt-agency,https://adaptagency.com/,jesper@adaptagency.com,"
+1 617 483 2961 "
eCity Interactive, Undisclosed,None,$100 - $149,"""10 - 49""","Philadelphia,",PA,https://clutch.co/profile/ecity-interactive,http://www.ecityinteractive.com,info@ecityinteractive.com,"
215-557-0767 "
webPC," $1,000+ ",None,$100 - $149,"""10 - 49""","Kharkiv,",None,https://clutch.co/profile/webpc,http://webpcstudio.com,office@webpcstudio.com,"
+380503022695 "
Peaceful Media," $5,000+ ",None,$100 - $149,"""10 - 49""","Portland,",OR,https://clutch.co/profile/peaceful-media,https://peacefulmedia.com/,hello@peacefulmedia.com,"
971.270.4935 "
Favish," $10,000+ ",None,$100 - $149,"""2 - 9""","Austin,",TX,https://clutch.co/profile/favish,http://www.favish.com/,hello@favish.com,"
512.669.5650 "
Access," $25,000+ ",None,$25 - $49,"""10 - 49""","Manchester,",None,https://clutch.co/profile/access,https://www.weareaccess.co.uk/,hello@weareaccess.co.uk,"
+44.161.872.3455 "
KGN Technologies," $10,000+ ",None,$150 - $199,"""50 - 249""","Ahmedabad ,",None,https://clutch.co/profile/kgn-technologies,http://www.kgntechnologies.com/,info@kgntechnologies.com,"
+44.0.203.372.4450 "
Kindlebit Solutions, Undisclosed,None,$25 - $49,"""50 - 249""",None,None,https://clutch.co/profile/kindlebit-solutions,http://www.kindlebit.com,ram.sharma@kindlebit.com,"
+91-172-4026970 "
Tekshapers Software Solution, Undisclosed,None,< $25,"""50 - 249""","Keego Harbor,",MI,https://clutch.co/profile/tekshapers-software-solution,http://www.tekshapers.com,alikalister@gmail.com,"
248.565.4747 "
Netkata Software House," $1,000+ ",None,$25 - $49,"""10 - 49""","Warsaw,",None,https://clutch.co/profile/netkata-software-house,http://netkata.com,tom@netkata.com,"
+48505034253 "
Deluxcode," $1,000+ ",None,$25 - $49,"""10 - 49""","kharkiv,",None,https://clutch.co/profile/deluxcode,http://www.deluxcode.com/,hello@deluxcode.com,"
+380660024742 "
Clever Age, Undisclosed,None,None,"""50 - 249""","Paris,",None,https://clutch.co/profile/clever-age,http://www.clever-age.com/en/,commercial@clever-age.com,"
 "
Brander Studio," $10,000+ ",None,$25 - $49,"""50 - 249""","Kharkiv,",None,https://clutch.co/profile/brander-studio,https://branderstudio.com/,hello@brander.ua,"
+38 096 547 95 08 "
Direktpoint ," $5,000+ ",None,$50 - $99,"""10 - 49""","Warsaw,",None,https://clutch.co/profile/direktpoint,http://direktpoint.com,brief@direktpoint.com,"
+ 48 506029598 "
ELXEL Creative," $10,000+ ",None,$150 - $199,"""10 - 49""","Washington,",DC,https://clutch.co/profile/elxel-creative,http://www.elxel.com/,moss@elxel.com,"
800.413.5935 "
Wise," $5,000+ ",None,$25 - $49,"""10 - 49""","Kharkiv,",None,https://clutch.co/profile/wise,http://wdg-company.com/,info@wdg.com.ua,"
 "
Tecziq Solutions, Undisclosed,None,$25 - $49,"""10 - 49""","Delhi-NCR (Noida),",None,https://clutch.co/profile/tecziq-solutions,http://www.tecziq.com,info@tecziq.com,"
+91 120 4545889 "
"Project6 Design, Inc."," $50,000+ ",None,$150 - $199,"""10 - 49""","Emeryville,",None,https://clutch.co/profile/project6-design-0,https://www.project6.com/,info@project6.com,"
(510) 540-8005 "
Watermelon Web Works," $10,000+ ",None,$100 - $149,"""10 - 49""","Portland,",OR,https://clutch.co/profile/watermelon-web-works,https://www.watermelonwebworks.com/,paul@watermelonwebworks.com,"
971.645.4352 "
Hybrid Forge, Undisclosed,None,$150 - $199,"""10 - 49""",None,None,https://clutch.co/profile/hybrid-forge,http://www.hybridforge.com,sales@hybridforge.com,"
 "
Boxcar Studio," $10,000+ ",None,$50 - $99,"""2 - 9""","Ann Arbor,",MI,https://clutch.co/profile/boxcar-studio,https://boxcarstudio.com/,info@boxcarstudio.com,"
+1.073.4786.3986 "
Netkandi," $10,000+ ",None,$100 - $149,"""2 - 9""","Station Way,",None,https://clutch.co/profile/netkandi,https://www.netkandi.co.uk/,info@netkandi.co.uk,"
129.366.0011 "
Cohesion Digital," $10,000+ ",None,$150 - $199,"""2 - 9""","Hamilton,",None,https://clutch.co/profile/cohesion-digital,https://www.cohesiondigital.co.uk,hello@cohesiondigital.co.uk,"
141.249.0641 "
Web Solution Winner ," $1,000+ ",None,$25 - $49,"""10 - 49""","Ahmedabad,",None,https://clutch.co/profile/web-solution-winner,http://www.websolutionwinner.com/,info@websolutionwinner.com,"
+91.990.408.2083 "
Internet Direct," $5,000+ ",None,$100 - $149,"""10 - 49""","San Antonio,",TX,https://clutch.co/profile/internet-direct,http://www.idworld.net,info@idworld.net,"
210.308.9800 "
StraightArrow Corporation, Undisclosed,None,< $25,"""50 - 249""","Pasig,",None,https://clutch.co/profile/straightarrow-corporation,https://www.straightarrow.com.ph/,jpespanola@straightarrow.com.ph,"
+632 570 9780 "
"V4 Development, LLC."," $10,000+ ",None,$150 - $199,"""10 - 49""","Richmond,",VA,https://clutch.co/profile/v4-development,http://www.v4development.com,info@v4development.com,"
8045920782 "
iMOBDEV Technologies, Undisclosed,None,< $25,"""50 - 249""","Ahmadabad,",None,https://clutch.co/profile/imobdev-technologies-0,http://www.imobdevtech.com,sales@imobdevtech.com,"
+91 740 512 2300 "
Barrel," $10,000+ ",None,$150 - $199,"""10 - 49""","New York ,",NY,https://clutch.co/profile/barrel,https://www.barrelny.com/,info@barrelny.com,"
212.239.2072 "
MadeByPi," $10,000+ ",None,$100 - $149,"""50 - 249""","Leeds,",None,https://clutch.co/profile/madebypi,http://www.madebypi.co.uk,toby.jordan@madebypi.co.uk,"
0113 228 2300 "
DKS System," $5,000+ ",None,$100 - $149,"""10 - 49""","Golden Valley,",MN,https://clutch.co/profile/dks-system,http://www.dkssystems.com/,sales@DKSSystems.com,"
 "
Typethink," $10,000+ ",None,$100 - $149,"""10 - 49""","Portland,",OR,https://clutch.co/profile/typethink,http://www.typethink.com/,hello@typethink.com,"
877.897.3844 "
"RipeConcepts, INC.", Undisclosed,None,$50 - $99,"""50 - 249""","Cebu City,",None,https://clutch.co/profile/ripeconcepts,http://www.ripeconcepts.com/,quotations@ripeconcepts.com,"
 "
Root Info Solutions," $10,000+ ",None,< $25,"""50 - 249""","Heathrow,",None,https://clutch.co/profile/root-info-solutions,http://rootinfosol.com/,info@rootinfosol.com,"
+44 207 096 0066 "
cmsMinds," $1,000+ ",None,< $25,"""10 - 49""","Durham,",NC,https://clutch.co/profile/cmsminds,http://www.cmsminds.com/,info@cmsminds.com,"
978.455.4515 "
MJD Interactive," $10,000+ ",None,$100 - $149,"""10 - 49""","San Diego,",CA,https://clutch.co/profile/mjd-interactive,http://www.mjdinteractive.com/,solutions@mjdinteractive.com,"
800.619.3930 "
Olive Mid East," $1,000+ ",None,$25 - $49,"""50 - 249""","Dubai,",None,https://clutch.co/profile/olive-mid-east,http://www.oliveme.ae/,enquiry@oliveme.ae,"
+971 4 3296800 "
ORAIKO, Undisclosed,None,$150 - $199,"""10 - 49""","New York,",NY,https://clutch.co/profile/oraiko,http://oraiko.com/,support@oraiko.com,"
212.483.1000 "
Fuse Interactive Inc," $25,000+ ",None,$25 - $49,"""2 - 9""","Vancouver,",None,https://clutch.co/profile/fuse-interactive,https://www.fuseinteractive.ca/,info@fuseinteractive.ca,"
+1.604.676.1446 "
Design225," $5,000+ ",None,$100 - $149,"""2 - 9""","Baton Rouge,",LA,https://clutch.co/profile/design225,http://design225.com,info@design225.com,"
225.366.8111 "
Crewits LLC," $5,000+ ",None,$100 - $149,"""10 - 49""","Hyattsville,",MD,https://clutch.co/profile/crewits,https://www.crewits.com,info@crewits.com,"
2403248355 "
Ninthlink," $5,000+ ",None,$100 - $149,"""10 - 49""","San Diego,",CA,https://clutch.co/profile/ninthlink,https://www.ninthlink.com/,info@ninthlink.com,"
+1.858.427.1470 "
WeKanCode, Undisclosed,None,< $25,"""10 - 49""","Chennai,",None,https://clutch.co/profile/wekancode,http://www.wekancode.com,pablo@wekancode.com,"
+91 44 4285 3113 "
Cantina, Undisclosed,None,None,"""50 - 249""","Boston,",MA,https://clutch.co/profile/cantina,https://cantina.co/,hello@cantina.com,"
1800775-2714 "
InteractiveWest," $5,000+ ",None,$100 - $149,"""10 - 49""","Denver,",CO,https://clutch.co/profile/interactivewest,https://interactivewest.com/,info@interactivewest.com,"
303.306.8746 "
Kosmos & Kaos," $10,000+ ",None,$100 - $149,"""10 - 49""","Reykjavik,",None,https://clutch.co/profile/kosmos-kaos,http://www.kosmosandkaos.com,samskipti@kosmosogkaos.is,"
+354 5611020 "
ZealousWeb," $10,000+ ",None,$150 - $199,"""50 - 249""","Ahmedabad,",None,https://clutch.co/profile/zealousweb,http://www.zealousweb.com/,info@zealousweb.com,"
+91.79.269.232.54 "
Logics Drive," $1,000+ ",None,< $25,"""10 - 49""","Lahore,",None,https://clutch.co/profile/logics-drive,http://www.logicsdrive.com,info@logicsdrive.com,"
+923218402231 "
Techinform," $25,000+ ",None,$50 - $99,"""10 - 49""","Ufa,",None,https://clutch.co/profile/techinform,https://techinform.pro/en,info@techinform.pro,"
+78007757363 "
Outright Development," $25,000+ ",None,$100 - $149,"""10 - 49""","Newton,",MA,https://clutch.co/profile/outright-development,http://www.outrightdevelopment.com/,info@outrightdevelopment.com,"
+1.781.239.8188 "
doodleblue Innovations, Undisclosed,None,None,"""50 - 249""","Chennai,",None,https://clutch.co/profile/doodleblue,http://www.doodleblue.com/,digital@doodleblue.com,"
91.95.66.162753 "
Technologus," $10,000+ ",None,$150 - $199,"""50 - 249""","Noida,",None,https://clutch.co/profile/technologus,http://www.technologus.com/,sales@technologus.com,"
+91.987.3469.643 "
Make IT Solutions," $10,000+ ",None,$100 - $149,"""10 - 49""","Calgary,",None,https://clutch.co/profile/make-it-solutions,http://www.makeit.com,chris.lane@makeit.com,"
1.403.560.3231 "
Q5 Infotech, Undisclosed,None,< $25,"""50 - 249""","Mississauga,",None,https://clutch.co/profile/q5-infotech,http://www.q5infotech.com/,info@q5infotech.com,"
 "
"LitmusBox, LLC "," $5,000+ ",None,$100 - $149,"""2 - 9""","Santa Cruz,",CA,https://clutch.co/profile/litmusbox,https://litmusbox.com/,info@litmusbox.com,"
408-256-2691 "
Abservetech Private Limited," $1,000+ ",None,< $25,"""10 - 49""","Madurai,",None,https://clutch.co/profile/abservetech-private,https://www.abservetech.com/,sales@abservetech.com,"
(0452) 426-6678 "
SocialDNA Labs, Undisclosed,None,None,"""10 - 49""","Bangalore,",None,https://clutch.co/profile/socialdna-labs,http://www.socialdnalabs.com,support@socialdnalabs.com,"
91.99.00931624 "
Order Of Code, Undisclosed,None,$25 - $49,"""10 - 49""","Przemyl,",None,https://clutch.co/profile/order-code,http://www.orderofcode.com/,office@orderofcode.com,"
 "
"Foxtrot Media, Inc. "," $1,000+ ",None,$50 - $99,"""2 - 9""","Owings Mills,",MD,https://clutch.co/profile/foxtrot-media,https://www.foxtrotmedia.com/,contact@foxtrotmedia.com,"
410.902.1001 "
Molly & Kent," $5,000+ ",None,$100 - $149,"""2 - 9""","Santa Fe,",NM,https://clutch.co/profile/molly-kent,http://www.mollyandkent.com,dickon@mollyandkent.com,"
 "
WebTrackStudio," $1,000+ ",None,$25 - $49,"""2 - 9""","Jaipur,",None,https://clutch.co/profile/webtrackstudio,https://www.webtrackstudio.com/,info@webtrackstudio.com,"
+919871663342 "
Neocodis," $1,000+ ",None,$25 - $49,"""10 - 49""","Filsum,",None,https://clutch.co/profile/neocodis,http://neocodis.com,j.morshead@neocodis.com,"
+ 176 416 37 010 "
Locastic," $10,000+ ",None,$50 - $99,"""10 - 49""","Split,",None,https://clutch.co/profile/locastic,http://www.locastic.com,info@locastic.com,"
+38.521.782.059 "
Digital-Labs," $10,000+ ",None,$150 - $199,"""10 - 49""","London,",None,https://clutch.co/profile/digital-labs,http://www.digital-labs.co.uk/,hello@digital-labs.co.uk,"
+44.020.3744.5525 "
MADITbox, Undisclosed,None,< $25,"""10 - 49""","Bangalore,",None,https://clutch.co/profile/maditbox,http://www.maditbox.com/,info@maditbox.com,"
91.90.6623.8568 "
Aligned Global," $10,000+ ",None,$100 - $149,"""2 - 9""","Miami,",FL,https://clutch.co/profile/aligned-global,https://www.alignedglobal.com/,info@alignedglobal.com,"
+1.305.731.2117 "
jimaar," $5,000+ ",None,$25 - $49,"""2 - 9""","Noida,",None,https://clutch.co/profile/jimaar,http://jimaar.com,hello@jimaar.com,"
+91-9501831365 "
Arias & Thompson, Undisclosed,None,$25 - $49,"""Freelancer""","Tallinn,",None,https://clutch.co/profile/arias-thompson,https://ariasthompson.com,ian@ariasthompson.com,"
+44 7526 952 030 "
Webemia," $10,000+ ",None,$25 - $49,"""Freelancer""","North Hollywood,",CA,https://clutch.co/profile/webemia,https://webemia.com,info@webemia.com,"
8886738868 "
Aufait Technologies," $5,000+ ",None,< $25,"""50 - 249""","Bangalore,",None,https://clutch.co/profile/aufait-technologies,http://www.aufait.in,sales@aufait.in,"
91.80.4248.3100 - 99 "
Techiesidentity Systems Pvt. Ltd.," $1,000+ ",None,< $25,"""10 - 49""","New Delhi,",None,https://clutch.co/profile/techiesidentity-systems,http://www.techiesidentity.com,sales@techiesidentity.com,"
+91 85 120 97286 "
thunder::tech," $5,000+ ",None,$100 - $149,"""10 - 49""","Cleveland,",OH,https://clutch.co/profile/thundertech,https://www.thundertech.com/,info@thundertech.com,"
+1.888.321.8422 "
Infusion Infotech, Undisclosed,None,$25 - $49,"""50 - 249""","Surat,",None,https://clutch.co/profile/infusion-infotech,http://www.infusion-infotech.com,careers.infusion@gmail.com,"
(+91) 88665-33262 "
Glajumedia," $1,000+ ",None,< $25,"""10 - 49""","Lima,",None,https://clutch.co/profile/glajumedia,http://www.glajumedia.com,ventas@glajumedia.com,"
5114372748 "
Space Galleon," $10,000+ ",None,$150 - $199,"""2 - 9""","London ,",None,https://clutch.co/profile/space-galleon,http://www.spacegalleon.co.uk,info@spacegalleon.co.uk,"
0208.2741.128 "
Purple Voice," $1,000+ ",None,$25 - $49,"""2 - 9""","Bangkok,",None,https://clutch.co/profile/purple-voice,https://www.purplevoice-web.design/,kevin@purple-voice.com,"
 "
Holex Tech," $5,000+ ",None,$25 - $49,"""2 - 9""","Pimpri Pune,",None,https://clutch.co/profile/holex-tech,https://holextech.com/,info@holextech.com,"
8796173340 "
Sneaker Interactive," $5,000+ ",None,$100 - $149,"""2 - 9""","Houston,",TX,https://clutch.co/profile/sneaker-interactive,https://sneakerint.com/,info@sneakerint.com,"
713.502.3700 "
Joykal Infotech," $5,000+ ",None,< $25,"""2 - 9""",None,None,https://clutch.co/profile/joykal-infotech,http://joykal.com/,work@joykal.com,"
07948903506 "
Sygul Technologies," $1,000+ ",None,$25 - $49,"""10 - 49""","Kochi,",None,https://clutch.co/profile/sygul-technologies,http://sygul.com/,info@sygul.com,"
+91 484 257 5237 "
APPTech Mobile Solution," $5,000+ ",None,< $25,"""2 - 9""","Indore,",MP,https://clutch.co/profile/apptech-mobile-solution,http://www.apptechmobile.com,ankitmobdev@gmail.com,"
0731-4200898 "
Synic Systems Pvt Ltd, Undisclosed,None,< $25,"""10 - 49""","Guindy, Chennai,",None,https://clutch.co/profile/synic-systems,http://www.synicsys.com,synicsys@gmail.com,"
(044) 435-95702 "
Diffusion Digital," $10,000+ ",None,$50 - $99,"""2 - 9""","London,",None,https://clutch.co/profile/diffusion-digital,https://diffusion.digital,info@diffusion.digital,"
+447890380961 "
Rockstar Coders," $1,000+ ",None,$50 - $99,"""10 - 49""","Chicago,",IL,https://clutch.co/profile/rockstar-coders,https://www.rockstarcoders.com,sales@rockstarcoders.com,"
 "
Rock Technolabs," $1,000+ ",None,$25 - $49,"""10 - 49""","Ahmedabad,",None,https://clutch.co/profile/rock-technolabs,http://rocktechnolabs.com/,bhavik@rocktechnolabs.com,"
 "
Centillion," $1,000+ ",None,$25 - $49,"""10 - 49""","Navi Mumbai,",None,https://clutch.co/profile/centillion,https://centilliontech.in/index,siddarth.kumar@centilliontech.in,"
02249246129 "
Caviarsoft," $10,000+ ",None,$50 - $99,"""10 - 49""","Warsaw,",None,https://clutch.co/profile/caviarsoft,http://caviarsoft.com,hello@caviarsoft.com,"
+48 798060131 "
