Organization_name,Min. Project,Rating,Hourly_rate,Total_Employees,Locality,Region,Profile,Website,Mail,Phone
DotcomWeavers," $10,000+ ",4.9,$100 - $149,"""50 - 249""","Paramus,",NJ,https://clutch.co/profile/dotcomweavers,http://www.dotcomweavers.com,info@dotcomweavers.com,"
201.880.6656 "
Magneto IT Solutions," $1,000+ ",4.9,$25 - $49,"""50 - 249""","Las Vegas ,",NV,https://clutch.co/profile/magneto-it-solutions,https://magnetoitsolutions.com/,info@magnetoitsolutions.com,"
214-447-0720 "
Absolute Web Services," $5,000+ ",4.9,$100 - $149,"""50 - 249""","Miami,",FL,https://clutch.co/profile/absolute-web-services,https://www.AbsoluteWebServices.com,info@aws3.com,"
305.937.2526 "
Rave Infosys," $10,000+  ",5,$50 - $99,"""250 - 999""","Coral Springs,",FL,https://clutch.co/profile/rave-infosys,http://www.raveinfosys.com,BD@raveinfosys.com,"
866.948.8384 "
SynapseIndia," $5,000+ ",4.9,< $25,"""50 - 249""","Holmdel,",NJ,https://clutch.co/profile/synapseindia,https://www.synapseindia.com/services.php/?utm_source=ProfilePage&utm_medium=VisitWebsite&utm_campaign=Clutch,bdm@synapseindia.com,"
+1-941-527-1257 "
Vaimo," $25,000+ ",4.7,$100 - $149,"""250 - 999""","Stockholm,",None,https://clutch.co/profile/vaimo,http://www.vaimo.com/,info@vaimo.com,"
+46 8 452 26 50 "
Evince Development," $5,000+ ",5,< $25,"""50 - 249""","New York City,",NY,https://clutch.co/profile/evince-development,https://evincedev.com,info@evincedev.com,"
+1 315 715 8494 "
Brainvire Infotech Inc," $25,000+ ",4.8,$25 - $49,"""250 - 999""","South Jordan,",None,https://clutch.co/profile/brainvire-infotech,https://www.brainvire.com,info@brainvire.com,"
+1-631-897-7276 "
Envision Ecommerce," $5,000+ ",4.9,$25 - $49,"""50 - 249""","Chandigarh,",None,https://clutch.co/profile/envision-ecommerce,https://www.envisionecommerce.com/,vikrant.shukla@netsmartz.com,"
 "
Commerce Pundit, Undisclosed,4.7,$25 - $49,"""50 - 249""","Lawrenceville,",GA,https://clutch.co/profile/commerce-pundit,http://www.commercepundit.com,sales@commercepundit.com,"
678.444.2112 "
Meticulosity," $25,000+ ",4.9,$150 - $199,"""10 - 49""","Ballston Lake,",NY,https://clutch.co/profile/meticulosity,http://www.meticulosity.com,info@meticulosity.com,"
1-518-633-1853 "
Pixafy, Undisclosed,4.5,None,"""50 - 249""","New York,",NY,https://clutch.co/profile/pixafy,http://pixafy.com,digitaltherapy@pixafy.com,"
+1.212.596.7404 "
Curotec," $5,000+ ",5,$100 - $149,"""10 - 49""","Wayne,",PA,https://clutch.co/profile/curotec,http://www.curotec.com/,info@curotec.com,"
610.450.6599 "
Planet Web Solutions Pvt. Ltd.," $1,000+ ",4.8,< $25,"""50 - 249""","Jaipur,",None,https://clutch.co/profile/planet-web-solutions,http://www.planetwebsolution.com/,sales@planetwebsolution.com,"
+918952953777 "
MW2 Consulting," $1,000+ ",5,$50 - $99,"""50 - 249""","San Jose,",CA,https://clutch.co/profile/mw2-consulting,http://www.mw2consulting.com,info@mw2consulting.com,"
+1.408.573.6310 "
SILK Software, Undisclosed,5,$50 - $99,"""50 - 249""","Irvine ,",CA,https://clutch.co/profile/silk-software,http://www.silksoftware.com,info@silksoftware.com,"
949.748.3704 "
Krish TechnoLabs, Undisclosed,4.8,None,"""50 - 249""","Walnut,",CA,https://clutch.co/profile/krish-technolabs,https://www.krishtechnolabs.com/,biz@krishtechnolabs.com,"
+1-(248)-275-1202 "
Forix ," $100,000+ ",5,$100 - $149,"""10 - 49""","Portland,",OR,https://clutch.co/profile/forix,http://www.forixcommerce.com/?ref=co,hello@forixdigital.com,"
503.764.4123 "
Magebit," $10,000+ ",5,$50 - $99,"""10 - 49""","London,",None,https://clutch.co/profile/magebit,https://magebit.com/,info@magebit.com,"
+44 203 6080 211 "
Demac Media, Undisclosed,5,$150 - $199,"""50 - 249""","Toronto,",None,https://clutch.co/profile/demac-media,http://www.demacmedia.com,info@outerbox.com,"
888.860.0364 "
Divante," $25,000+ ",4.6,$50 - $99,"""50 - 249""","Wroclaw,",None,https://clutch.co/profile/divante,https://divante.co/,hello@divante.co,"
+48 516 184 153 "
ScienceSoft, Undisclosed,4.8,$25 - $49,"""250 - 999""","McKinney,",TX,https://clutch.co/profile/sciencesoft,https://www.scnsoft.com/,contact@scnsoft.com,"
214.306.6837 "
Tigren E-commerce Solutions," $1,000+ ",5,$25 - $49,"""50 - 249""",None,None,https://clutch.co/profile/tigren-e-commerce-solutions,https://www.tigren.com/,info@tigren.com,"
 "
iWeb, Undisclosed,4.9,$150 - $199,"""10 - 49""","Stafford,",None,https://clutch.co/profile/iweb,https://www.iweb.co.uk,hello@iweb.co.uk,"
+44 17 8527 9920 "
BelVG," $5,000+ ",4.6,$25 - $49,"""10 - 49""","Minsk,",None,https://clutch.co/profile/belvg,https://belvg.com/?utm_source=clutch&utm_medium=profile&utm_campaign=catalog,contact@belvg.com,"
+16503532301 "
WEB4PRO," $1,000+ ",4.7,< $25,"""10 - 49""","Kharkov,",None,https://clutch.co/profile/web4pro,https://web4pro.net,sales@corp.web4pro.com.ua,"
+38 (096) 482-4742 "
Aitoc Software," $5,000+ ",4.8,$50 - $99,"""10 - 49""","Minneapolis,",MN,https://clutch.co/profile/aitoc-software,https://www.aitoc.com,sales@aitoc.com,"
 "
Biztech Consulting & Solutions," $5,000+ ",4.8,$25 - $49,"""50 - 249""","Ahmedabad,",None,https://clutch.co/profile/biztech-consulting-solutions,https://www.biztechcs.com/,sales@biztechcs.com,"
+91 91067 47559 "
Unleaded Group, Undisclosed,4.9,$150 - $199,"""10 - 49""","Denver,",CO,https://clutch.co/profile/unleaded-group,http://www.unleadedsoftware.com,jarod@unleadedsoftware.com,"
720.221.7126 "
End Point," $25,000+ ",4.9,$150 - $199,"""50 - 249""","New York,",NY,https://clutch.co/profile/end-point,http://www.endpoint.com/,sales@endpoint.com,"
212.929.6923 "
Atwix, Undisclosed,5,$50 - $99,"""10 - 49""","Bratislava,",None,https://clutch.co/profile/atwix,https://www.atwix.com,hello@atwix.com,"
 "
aheadWorks, Undisclosed,5,None,"""50 - 249""","Minsk,",None,https://clutch.co/profile/aheadworks,http://aheadworks.com/,pr@aheadworks.com,"
646.480.0154 "
IWD Agency, Undisclosed,4.5,$100 - $149,"""10 - 49""","Baton Rouge,",LA,https://clutch.co/profile/iwd-agency,https://www.iwdagency.com/,hi@iwdagency.com,"
+1.225.435.8043 "
Redstage, Undisclosed,5,$150 - $199,"""250 - 999""","Jersey City,",NJ,https://clutch.co/profile/redstage,http://www.redstage.com/,info@redstage.com,"
888.335.2747 "
Whidegroup," $5,000+ ",5,$50 - $99,"""10 - 49""","Zaporizhzhia,",None,https://clutch.co/profile/whidegroup,https://whidegroup.com,sales@whidegroup.com,"
+44 (20) 3129-0789 "
SoftLoft," $5,000+ ",4.9,$25 - $49,"""10 - 49""","Kharkiv,",None,https://clutch.co/profile/softloft,http://soft-loft.eu,office@soft-loft.eu,"
 "
Gauge," $50,000+ ",4.8,$150 - $199,"""10 - 49""","Savannah,",GA,https://clutch.co/profile/gauge,https://gauge.agency/,info@gauge.agency,"
912.228.3265 "
Eltrino, Undisclosed,4.8,$50 - $99,"""10 - 49""","Kyiv,",None,https://clutch.co/profile/eltrino,http://eltrino.com/,elena.kulbich@eltrino.com,"
+380.96.648.648.3 "
Amasty, Undisclosed,5,None,"""10 - 49""","Minsk,",None,https://clutch.co/profile/amasty,https://amasty.com/,support@amasty.com,"
 "
ADVOX Studio," $5,000+ ",5,$25 - $49,"""10 - 49""","Poznan,",None,https://clutch.co/profile/advox-studio,http://advoxstudio.com/,info@advoxstudio.com,"
+48.61.281.73.49 "
Codilar Technologies ," $5,000+ ",4.6,None,"""10 - 49""","Bengaluru,",None,https://clutch.co/profile/codilar-technologies,http://www.codilar.com,hello@codilar.com,"
+91.804.1010.530 "
The Commerce Shop," $5,000+ ",5,$100 - $149,"""10 - 49""","Atlanta,",GA,https://clutch.co/profile/commerce-shop,http://www.TheCommerceShop.com,hello@thecommerceshop.com,"
404.547.6474 "
Copious, Undisclosed,5,$150 - $199,"""10 - 49""","Portland,",OR,https://clutch.co/profile/copious,http://copio.us/,hello@copio.us,"
+1.503.255.1822 "
Ageno," $10,000+ ",5,$25 - $49,"""10 - 49""","Bielsko-Biala,",None,https://clutch.co/profile/ageno,http://ageno.pl,info@ageno.pl,"
502022202 "
M-Connect Media," $5,000+ ",5,$25 - $49,"""10 - 49""","Kennesaw,",GA,https://clutch.co/profile/m-connect-media,https://www.mconnectmedia.com/,info@mconnectmedia.com,"
319 804-8627 "
CueBlocks," $5,000+ ",4.9,$25 - $49,"""50 - 249""","Chandigarh,",None,https://clutch.co/profile/cueblocks,https://www.cueblocks.com/?utm_source=clutch&utm_medium=directory&utm_campaign=clutch,hello@cueblocks.com,"
 "
Quartsoft," $5,000+ ",4.8,$25 - $49,"""50 - 249""","Kramatorsk,",None,https://clutch.co/profile/quartsoft,http://quartsoft.com/,info@quartsoft.com,"
+380.892.500225 "
MageComp," $1,000+ ",5,< $25,"""10 - 49""","Bhavnagar,",None,https://clutch.co/profile/magecomp,https://magecomp.com,support@magecomp.com,"
+91.9998495133 "
X-Coding IT Studio," $10,000+ ",4.7,$25 - $49,"""10 - 49""","Wrocaw,",None,https://clutch.co/profile/x-coding-it-studio,http://xcitstudio.com/,sales@xcitstudio.com,"
(+48) 665 442 665 "
SNOWDOG," $50,000+ ",4.8,$100 - $149,"""50 - 249""","Poznan,",None,https://clutch.co/profile/snowdog,https://snow.dog,hello@snow.dog,"
+48.61.660.4606 "
ClawRock," $5,000+ ",4.7,$25 - $49,"""10 - 49""","Wrocaw,",None,https://clutch.co/profile/clawrock,http://clawrock.com,office@clawrock.com,"
+48 537 123 547 "
Kadro," $25,000+ ",4.8,$150 - $199,"""10 - 49""","Raleigh,",NC,https://clutch.co/profile/kadro,http://www.kadro.com,sales@kadro.com,"
877.435.3453 "
Itransition," $10,000+ ",4.8,$25 - $49,"""1,000 - 9,999""","Lakewood,",CO,https://clutch.co/profile/itransition,https://www.itransition.com/,info@itransition.com,"
+1 720-207-2820 "
NextBits, Undisclosed,5,$25 - $49,"""10 - 49""","North Attleborough,",MA,https://clutch.co/profile/nextbits,http://www.nextbitsgroup.com/,sales@nextbitsgroup.com,"
+1 (917) 727-8682 "
coolblueweb, Undisclosed,5,$100 - $149,"""10 - 49""","Seattle,",WA,https://clutch.co/profile/coolblueweb,http://coolblueweb.com,jonathan@coolblueweb.com,"
206.453.4071 "
Onilab, Undisclosed,5,$25 - $49,"""10 - 49""","Minsk,",None,https://clutch.co/profile/onilab,http://onilab.com/,talkto@onilab.com,"
+1.650.488.7907 "
Aurora Creation," $5,000+ ",5,$50 - $99,"""10 - 49""","Bialystok,",None,https://clutch.co/profile/aurora-creation,http://auroracreation.com/,hello@auroracreation.com,"
48.857.336.614 "
Dotlogics," $25,000+ ",5,$100 - $149,"""10 - 49""","East Northport,",NY,https://clutch.co/profile/dotlogics,http://www.dotlogics.com/,contact@dotlogics.com,"
888.956.9569 "
Command C," $25,000+ ",4.9,$150 - $199,"""2 - 9""","Brooklyn,",NY,https://clutch.co/profile/command-c,http://www.commandc.com,info@commandc.com,"
347-844-9208 "
Tech Innovations Technologies Pvt Ltd," $5,000+ ",4.9,< $25,"""50 - 249""","Kochi,",None,https://clutch.co/profile/tech-innovations-technologies,http://www.titechglobal.com,info@titechglobal.com,"
+914844055774 "
Hatimeria," $5,000+ ",4.8,$50 - $99,"""10 - 49""","Krakw,",None,https://clutch.co/profile/hatimeria,http://www.hatimeria.com,thomas.tanner@hatimeria.com,"
+48.126.337.149 "
CTI Digital," $10,000+ ",4,$100 - $149,"""50 - 249""","Manchester,",None,https://clutch.co/profile/cti-digital,http://www.ctidigital.com/,hello@ctidigital.com,"
+44 84 5620 0014 "
Macopedia," $25,000+ ",4.8,$50 - $99,"""10 - 49""","Pozna,",None,https://clutch.co/profile/macopedia,https://macopedia.com/,office@macopedia.com,"
+48 61 200 14 10 "
Ahy Consulting," $10,000+ ",4.3,$50 - $99,"""10 - 49""","Mumbai,",None,https://clutch.co/profile/ahy-consulting,https://www.ahyconsulting.com,harpreet@ahyconsulting.com,"
 "
I-PhoneAppDeveloper," $5,000+ ",5,$25 - $49,"""50 - 249""","Farmington Hills,",MI,https://clutch.co/profile/i-phoneappdeveloper,http://www.i-phoneappdeveloper.com/,info@i-phoneappdeveloper.com,"
+1 (248) 403-1926 "
Forbytes," $50,000+ ",4.9,$25 - $49,"""10 - 49""","Helsinborg, E-commerce Park,",None,https://clutch.co/profile/forbytes,https://forbytes.com/,contact@forbytes.com,"
+46 (0) 73 612 22 79 "
Emizen Tech Private Limited," $1,000+ ",5,< $25,"""50 - 249""","Jaipur,",None,https://clutch.co/profile/emizen-tech-private,http://www.emizentech.com/,info@emizentech.com,"
+91.8107990154 "
P2H Inc," $1,000+ ",5,$25 - $49,"""250 - 999""","Las Vegas,",None,https://clutch.co/profile/p2h,https://www.psd2html.com/,victoria.kholmanova@hq.p2h.com,"
+1 888-724-9414 "
Kiwee," $10,000+ ",4.8,$50 - $99,"""10 - 49""","Wrocaw,",None,https://clutch.co/profile/kiwee,http://kiwee.eu,hi@kiwee.eu,"
+48 885 782 640 "
Magently, Undisclosed,4.5,$50 - $99,"""10 - 49""","Wrocaw,",None,https://clutch.co/profile/magently,http://www.magently.com,hello@magently.com,"
 "
MageWorx ," $10,000+ ",5,$50 - $99,"""10 - 49""","Minneapolis,",MN,https://clutch.co/profile/mageworx,https://www.mageworx.com/,support@mageworx.com,"
 "
OpsWay, Undisclosed,4.5,$50 - $99,"""50 - 249""","Wroclaw,",None,https://clutch.co/profile/opsway,http://opsway.com,start@opsway.com,"
 "
Serfe," $10,000+ ",4.8,$25 - $49,"""10 - 49""","Santo Tome,",None,https://clutch.co/profile/serfe,http://www.serfe.com,info@serfe.com,"
+54 342 4748205 "
metajive," $100,000+ ",4.8,$150 - $199,"""10 - 49""","Carlsbad,",CA,https://clutch.co/profile/metajive,http://www.metajive.com,hello@metajive.com,"
760-274-6882 "
GowithMagento," $5,000+ ",5,$50 - $99,"""10 - 49""","Biaystok,",None,https://clutch.co/profile/gowithmagento,http://gowithmagento.com,office@gowithmagento.com,"
 "
Q-Solutions Studio, Undisclosed,4.7,None,"""10 - 49""","Pozna,",None,https://clutch.co/profile/q-solutions-studio,http://www.qsolutionsstudio.com,office@qsolutionsstudio.com,"
+48 881790334 "
Meetanshi," $1,000+ ",5,< $25,"""10 - 49""","Bhavnagar,",None,https://clutch.co/profile/meetanshi,https://meetanshi.com,support@meetanshi.com,"
+919426552598 "
Maven Ecommerce," $50,000+ ",4.7,$50 - $99,"""10 - 49""","Kyiv,",None,https://clutch.co/profile/maven-ecommerce,https://www.mavenecommerce.com/?utm_source=Clutch&utm_medium=Referral&utm_campaign=Clutch,contacts@mavenecommerce.com,"
+380673239033 "
WebMeridian," $1,000+ ",5,$25 - $49,"""10 - 49""","Kharkiv,",None,https://clutch.co/profile/webmeridian,http://webmeridian.org,y.sulima@webmeridian.org,"
+380634753561 "
7strategy," $25,000+ ",5,None,"""50 - 249""","Olathe,",KS,https://clutch.co/profile/7strategy,http://www.7strategy.com,sales@7strategy.com,"
1-888-231-3062 "
Perception System Pvt Ltd," $5,000+ ",4.4,< $25,"""50 - 249""","San Jose,",CA,https://clutch.co/profile/perception-system,http://www.perceptionsystem.com/,info@perceptionsystem.com,"
408.833.6470 "
Webomaze Technologies," $1,000+ ",5,< $25,"""50 - 249""","Zirakpur,",None,https://clutch.co/profile/webomaze-technologies,https://www.webomaze.com,hello@webomaze.com,"
+91-855-687-0133 "
Mobecls, Undisclosed,4.8,$50 - $99,"""10 - 49""","Minsk,",None,https://clutch.co/profile/mobecls,https://mobecls.com/,a@mobecls.com,"
+3.752.59.443388 "
OrbitLift," $10,000+ ",4.8,$50 - $99,"""10 - 49""","Palo Alto,",CA,https://clutch.co/profile/orbitlift,https://orbitlift.com,info@orbitlift.com,"
+1.800.826.80.31 "
eEngine Software House," $10,000+ ",5,$25 - $49,"""10 - 49""","Aleksandrw dzki,",None,https://clutch.co/profile/eengine-software-house,https://eengine.pl/en,hello@eengine.pl,"
+48 42 299 96 19 "
Imagination Media, Undisclosed,5,$100 - $149,"""2 - 9""","Hallandale Beach,",FL,https://clutch.co/profile/imagination-media,http://www.imaginemage.com,info@imaginemage.com,"
1-800-496-9311 "
Neev Information Technologies , Undisclosed,4.3,$25 - $49,"""50 - 249""","Bangalore,",None,https://clutch.co/profile/neev-information-technologies,http://www.neevtech.com/,sales@neevtech.com,"
91.99.7287.9444 "
West Agile Labs, Undisclosed,4.8,$50 - $99,"""50 - 249""","San Francisco,",CA,https://clutch.co/profile/west-agile-labs,http://westagilelabs.com/,hello@westagilelabs.com,"
(415) 766-9378 "
MageDirect," $5,000+ ",5,$25 - $49,"""10 - 49""","Kiev,",None,https://clutch.co/profile/magedirect,http://magedirect.co/,hello@magedirect.co,"
+1 (323) 426-6351 "
Montana Banana, Undisclosed,4.8,$100 - $149,"""2 - 9""","Seattle,",WA,https://clutch.co/profile/montana-banana,http://www.montanab.com,inquiry@montanab.com,"
206.686.3631 "
TIS India, Undisclosed,5,< $25,"""50 - 249""","Noida,",None,https://clutch.co/profile/tis-india,http://www.tisindia.com,prateek@tisindia.com,"
+91.99.7117.7245 "
Fast White Cat," $25,000+ ",4.3,$50 - $99,"""50 - 249""","Wroclaw,",None,https://clutch.co/profile/fast-white-cat,http://fastwhitecat.com/en/,info@fastwhitecat.com,"
+48.71.72.26.000 "
Dedicated Developers," $5,000+ ",5,$50 - $99,"""50 - 249""","Alpharetta,",GA,https://clutch.co/profile/dedicated-developers,http://www.DedicatedDevelopers.com,inquiry@dedicateddevelopers.com,"
770-274-4482 "
Mavitech, Undisclosed,5,$25 - $49,"""10 - 49""","Minsk,",None,https://clutch.co/profile/mavitech,http://www.mavitech.com,contact@mavitech.com,"
+375 297 245 45 "
Active Webdezign ltd.," $1,000+ ",5,$100 - $149,"""2 - 9""","London,",None,https://clutch.co/profile/active-webdezign,http://www.webdezign.co.uk,info@webdezign.co.uk,"
020 8446 1515 "
UNITY Group," $25,000+ ",4.5,$50 - $99,"""50 - 249""","Wroclaw,",None,https://clutch.co/profile/unity-group,http://en.unity.pl,sales@unity.pl,"
+48 71 35 84 100 "
KTree Computer Solutions, Undisclosed,4.7,$25 - $49,"""50 - 249""","Hyderabad,",None,https://clutch.co/profile/ktree-computer-solutions,http://ktree.com,rfq@ktree.com,"
040-66747260 "
CHRS Interactive, Undisclosed,5,$50 - $99,"""2 - 9""","Burbank,",CA,https://clutch.co/profile/chrs-interactive,http://www.chrsinteractive.com,hello@chrsinteractive.com,"
818.568.4798 "
UNL Solutions LTD," $5,000+ ",4.8,$25 - $49,"""50 - 249""","Loughborough ,",None,https://clutch.co/profile/unl-solutions,http://unl.solutions,info@unl.solutions,"
+44 1509 733445 "
Trellis," $10,000+ ",4.7,$100 - $149,"""10 - 49""","Medford,",MA,https://clutch.co/profile/trellis,https://trellis.co,hello@trellis.co,"
855.567.3843 "
MAGINX INC," $10,000+ ",5,$100 - $149,"""10 - 49""","New York,",NY,https://clutch.co/profile/maginx,https://maginx.com,hello@maginx.com,"
2125198399 "
Web Crayons Biz," $1,000+ ",5,< $25,"""50 - 249""","Rewari Near Gurgaon,",None,https://clutch.co/profile/web-crayons-biz,http://www.webcrayons.biz,sales@webcrayons.biz,"
+91-8470026258 "
Lama Media ," $10,000+ ",4.9,$25 - $49,"""10 - 49""","Wroclaw,",None,https://clutch.co/profile/lama-media,http://lama-media.com/,hello@lama-media.com,"
+48 71 307 17 85 "
ADV," $25,000+ ",4.8,$25 - $49,"""50 - 249""","Moscow,",None,https://clutch.co/profile/adv,http://www.advwe.com,hello@advwe.com,"
+79031510595 "
Inverse Paradox," $5,000+ ",5,$100 - $149,"""10 - 49""","Penndel,",PA,https://clutch.co/profile/inverse-paradox,https://www.inverseparadox.com/,sales@inverseparadox.net,"
215.478.6586 "
NuCitrus Technologies," $5,000+ ",5,$100 - $149,"""2 - 9""","Quakertown,",PA,https://clutch.co/profile/nucitrus-technologies,https://www.nucitrus.com/,sales@nucitrus.com,"
+1.800.224.1461 "
VTRiO Solutions," $10,000+ ",4.8,< $25,"""50 - 249""","Austin,",TX,https://clutch.co/profile/vtrio-solutions,http://www.vtrio.com,ace@vtrio.com,"
5127829964 "
Inobright Inc.," $10,000+ ",4.9,$50 - $99,"""50 - 249""","Boston,",MA,https://clutch.co/profile/inobright,https://inobright.com,info@inobright.com,"
 "
SolidBrain Software," $1,000+ ",5,$25 - $49,"""10 - 49""","Charleston,",SC,https://clutch.co/profile/solidbrain-software,http://www.solidbrain.com.ua/,info@solidbrain.com.ua,"
 "
Orange Mantra," $1,000+ ",5,< $25,"""50 - 249""","Gurgaon,",None,https://clutch.co/profile/orange-mantra,https://www.orangemantra.com/,sales@orangemantra.com,"
+91-9870289050 "
Elsner Technologies Pvt Ltd," $5,000+ ",5,< $25,"""50 - 249""","Ahmedabad,",None,https://clutch.co/profile/elsner-technologies,http://www.elsner.com/,support@www.elsner.com,"
91.79.4006 2525 "
Skynix," $1,000+ ",5,$25 - $49,"""10 - 49""","Kyiv,",None,https://clutch.co/profile/skynix,https://skynix.company,bogdan.kushlyk@skynix.co,"
 "
Orange35, Undisclosed,5,$25 - $49,"""10 - 49""","Ternopil,",None,https://clutch.co/profile/orange35,https://orange35.com/,support@orange35.com,"
+380676734886 "
Ascendro Technologies, Undisclosed,4.5,$25 - $49,"""10 - 49""","Timisoara,",None,https://clutch.co/profile/ascendro-technologies,http://ascendro.de,tiberiu.popa@ascendro.de,"
+40740210164 "
Inspire Labs," $5,000+ ",5,$25 - $49,"""10 - 49""","Warsaw,",None,https://clutch.co/profile/inspire-labs,http://inspirelabs.co,hi@inspirelabs.pl,"
+48 514 416 207 "
Nicasio Design & Development, Undisclosed,4.6,$150 - $199,"""2 - 9""","Savannah ,",GA,https://clutch.co/profile/nicasio-design-development,http://www.nicasiodesign.com,felix@nicasiodesign.com,"
912.292.1716 "
Pivofy," $5,000+ ",5,$50 - $99,"""10 - 49""","Chicago,",IL,https://clutch.co/profile/pivofy,https://www.pivofy.com/,info@pivofy.com,"
(800) 370-7157 "
Clickingmad Ltd.," $25,000+ ",4.5,$100 - $149,"""10 - 49""","Bridgnorth,",None,https://clutch.co/profile/clickingmad,https://www.clickingmad.com/,sales@clickingmad.com,"
+44.1746.769612 "
Magespider Infoweb Pvt. Ltd.," $5,000+ ",4.3,< $25,"""50 - 249""","Ahmedabad,",None,https://clutch.co/profile/magespider-infoweb,http://www.magespider.com/,info@magespider.com,"
(+91) 079 4003 6250 "
TatvaSoft," $10,000+ ",4.6,< $25,"""250 - 999""","Ahmedabad,",None,https://clutch.co/profile/tatvasoft,http://www.tatvasoft.com,info@tatvasoft.com,"
+91.960.142.1472 "
Dynamic Dreamz," $1,000+ ",5,< $25,"""50 - 249""","Surat,",None,https://clutch.co/profile/dynamic-dreamz,http://www.dynamicdreamz.com/,bdm@dynamicdreamz.com,"
91.93.2764.2007 "
I-Verve INC," $5,000+ ",5,$50 - $99,"""50 - 249""","New Jersey,",NJ,https://clutch.co/profile/i-verve,http://i-verve.com/,hello@i-verve.com,"
(404) 643-6023, (404) 641-9041 "
Lapits Technologies," $5,000+ ",5,$25 - $49,"""10 - 49""","Noida,",None,https://clutch.co/profile/lapits-technologies,https://lapits.com,sales@lapits.com,"
+91 1204537153 "
Sunlight Media LLC," $5,000+ ",5,$50 - $99,"""10 - 49""","Los Angeles,",CA,https://clutch.co/profile/sunlight-media,http://www.sunlightmedia.org,angelo@sunlightmedia.org,"
323.868.3581 "
digital marauders," $25,000+ ",5,$100 - $149,"""10 - 49""","New York,",NY,https://clutch.co/profile/digital-marauders,https://digitalmarauders.com/,info@digitalmarauders.com,"
212-975-9025 "
DOIT Software," $5,000+ ",4.9,$25 - $49,"""10 - 49""","Boston,",MA,https://clutch.co/profile/doit-software,http://doit.software,b.biblaia@doit.software,"
929 999 18 25 "
Third & Grove," $25,000+ ",4.8,$100 - $149,"""10 - 49""","Boston,",MA,https://clutch.co/profile/third-grove,https://www.thirdandgrove.com/,hello@thirdandgrove.com,"
(240) 428-4473 "
Max Vision Solutions, Undisclosed,4.8,$25 - $49,"""2 - 9""","New Delhi,",None,https://clutch.co/profile/max-vision-solutions,https://www.maxvisionsolutions.com/,Hello@MVisionSolutions.com,"
9910698765 "
Web Innovation Hub," $1,000+ ",5,< $25,"""10 - 49""",None,None,https://clutch.co/profile/web-innovation-hub,https://webinnovationhub.com/,sales@webinnovationhub.com,"
 "
#10 LLC," $5,000+ ",4,$100 - $149,"""2 - 9""","San Francisco,,",CA,https://clutch.co/profile/10,https://www.nr10.com,info@nr10.com,"
415.357.1771 "
Wide Open Technologies," $5,000+ ",4.5,$100 - $149,"""10 - 49""","Wilmington,",NC,https://clutch.co/profile/wide-open-technologies,http://wideopentech.com,sales@wideopentech.com,"
866.465.6188 "
JetRuby Agency LTD.," $5,000+ ",4.8,$25 - $49,"""50 - 249""","San Fransisco,",CA,https://clutch.co/profile/jetruby-agency,http://jetruby.com,opportunities@jetruby.com,"
 "
KrishaWeb Technologies Pvt. Ltd.," $5,000+ ",5,< $25,"""50 - 249""","Ahmedabad,",None,https://clutch.co/profile/krishaweb-technologies,http://www.krishaweb.com/,info@krishaweb.com,"
 "
Sun Dew Solutions Pvt. Ltd.," $5,000+ ",4.9,$25 - $49,"""10 - 49""","Chicago,",IL,https://clutch.co/profile/sun-dew-solutions,http://www.sundewsolutions.com,support@sundewsolutions.com,"
+1-917-460-2892 "
WillShall: Redefining Technology," $1,000+ ",4.9,< $25,"""10 - 49""","Mohali,",None,https://clutch.co/profile/willshall-redefining-technology,http://www.willshall.com,contact@willshall.com,"
+91 9872990492 "
HUEMOR," $25,000+ ",4.9,$100 - $149,"""10 - 49""","New York,",NY,https://clutch.co/profile/huemor,http://huemor.rocks/?utm_source=clutch&utm_medium=directory&utm_campaign=clutchlisting,sayhi@huemor.rocks,"
(631) 393-6116 "
Parkfield Commerce," $10,000+ ",5,$100 - $149,"""10 - 49""","Westbury,",NY,https://clutch.co/profile/parkfield-commerce,http://www.parkfieldcommerce.com,richard@parkfieldcommerce.com,"
5169975555 "
Drupal Partners, Undisclosed,4.9,$50 - $99,"""10 - 49""","Atlanta,",GA,https://clutch.co/profile/drupal-partners,http://www.DrupalPartners.com,yourfriends@drupalpartners.com,"
(404) 788-6332 "
ASPER BROTHERS," $5,000+ ",4.6,$50 - $99,"""10 - 49""","Warsaw,",None,https://clutch.co/profile/asper-brothers,https://asperbrothers.com,p.jackowski@asper.net.pl,"
+48 693 066 956 "
Creative Glance Technologies, Undisclosed,4.5,< $25,"""10 - 49""","Walnut,",CA,https://clutch.co/profile/creative-glance-technologies,http://www.creativeglance.com,info@creativeglance.com,"
714.927.1365 "
WebClues Infotech," $5,000+ ",5,< $25,"""50 - 249""","Streetsboro,",OH,https://clutch.co/profile/webclues-infotech,https://www.webcluesinfotech.com/,sales@webcluesinfotech.com,"
+1-978-309-9910 "
Offshorent Pvt Ltd, Undisclosed,4.5,$50 - $99,"""50 - 249""","King Of Prussia,",PA,https://clutch.co/profile/offshorent,http://offshorent.com,priya@offshorent.com,"
484 313 4264 "
Endertech," $10,000+ ",5,$100 - $149,"""10 - 49""","Torrance,",CA,https://clutch.co/profile/endertech,https://www.endertech.com,info@endertech.com,"
(310) 400-0800 "
One Rockwell," $25,000+ ",3,$150 - $199,"""10 - 49""","New York,",NY,https://clutch.co/profile/one-rockwell,https://www.onerockwell.com,hello@onerockwell.com,"
212.226.5436 "
Spigot Design, Undisclosed,5,$50 - $99,"""2 - 9""","Park City,",UT,https://clutch.co/profile/spigot-design,http://spigotdesign.com/,info@spigotdesign.com,"
435.729.9284 "
"NCode Technologies, Inc"," $1,000+ ",4.2,< $25,"""10 - 49""","Ahmedabad,",None,https://clutch.co/profile/ncode-technologies,https://www.ncodetechnologies.com/,info@ncodetechnologies.com,"
+91 9979973983 "
Simtech Development," $1,000+ ",4.8,$50 - $99,"""50 - 249""","Ulyanovsk,",None,https://clutch.co/profile/simtech-development,https://www.simtechdev.com,sales@simtechdev.com,"
 "
Limegrow Web Development," $5,000+ ",5,$50 - $99,"""10 - 49""","Tallinn,",None,https://clutch.co/profile/limegrow-web-development,https://limegrow.com/,hello@limegrow.com,"
+372 686-3330 "
Matrid Technologies," $1,000+ ",5,< $25,"""10 - 49""","Mohali,",None,https://clutch.co/profile/matrid-technologies,http://www.matridtech.net,sales@matridtech.net,"
9814117817 "
Infigic Digital Solutions, Undisclosed,4.5,< $25,"""10 - 49""","Ahmedabad,",None,https://clutch.co/profile/infigic-digital-solutions,http://www.infigic.com,info@infigic.com,"
+919601915866 "
The Brihaspati Infotech Pvt. Ltd.," $5,000+ ",5,$25 - $49,"""50 - 249""","Mohali,",None,https://clutch.co/profile/brihaspati-infotech,https://www.brihaspatitech.com/,info@brihaspatitech.com,"
+1(954) 379-2149 "
Eventige Media Group," $10,000+ ",5,$150 - $199,"""10 - 49""","New York City,",NY,https://clutch.co/profile/eventige-media-group,https://Eventige.com,info@eventige.com,"
646.571.2054 "
A2 Design Inc. ," $5,000+ ",5,$25 - $49,"""10 - 49""","Omsk,",None,https://clutch.co/profile/a2-design,https://www.a2design.biz/,sales@a2design.biz,"
+1 (647) 725-9752 "
OTAKOYI," $5,000+ ",4.9,$25 - $49,"""10 - 49""","Lviv,",None,https://clutch.co/profile/otakoyi,http://otakoyi.com/en/,hello@otakoyi.com,"
 "
Wabodryms IT Solutions," $1,000+ ",5,$25 - $49,"""10 - 49""","Ahmedabad,",None,https://clutch.co/profile/wabodryms-it-solutions,http://wabodryms.com,sales@wabodryms.com,"
 "
DICE INFOCOM PRIVATE LIMITED," $1,000+ ",4.8,$25 - $49,"""10 - 49""","Jaipur,",None,https://clutch.co/profile/dice-infocom-private,http://www.diceinfocom.com/,agarwal.sudh@gmail.com,"
91.14.1404.2145 "
Xumulus," $10,000+ ",4.9,$50 - $99,"""2 - 9""","Arlington Heights,",IL,https://clutch.co/profile/xumulus,https://xumulus.com/,sales@xumulus.com,"
773-904-2595 "
eGrove Systems," $1,000+ ",4.3,$25 - $49,"""50 - 249""","Parlin,",NJ,https://clutch.co/profile/egrove-systems,https://www.egrovesys.com,sales-nj@egrovesys.com,"
732 307 2655 "
CodeMedia 360," $1,000+ ",5,$25 - $49,"""2 - 9""","Burbank,",CA,https://clutch.co/profile/codemedia-360,http://codemedia360.com,info@codemedia360.com,"
+1.310.526.0294 "
Zealous System," $5,000+ ",4.8,< $25,"""50 - 249""","Ahmedabad,",None,https://clutch.co/profile/zealous-system,https://www.zealousys.com/?utm_source=Clutch&utm_medium=listing,info@zealousys.com,"
+91 9925016519 "
WebPlanex Infotech Pvt Ltd," $5,000+ ",4.8,$25 - $49,"""50 - 249""","Ahmedabad ,",None,https://clutch.co/profile/webplanex-infotech,http://www.webplanex.com/,info@webplanex.com,"
+919978819397 "
Smartbees," $1,000+ ",4.3,$25 - $49,"""2 - 9""","Opole,",None,https://clutch.co/profile/smartbees,https://smartbees.co,kontakt@smartbees.pl,"
77 333 50 25 "
PTI WebTech," $1,000+ ",5,< $25,"""10 - 49""","Jaipur,",None,https://clutch.co/profile/pti-webtech,https://www.ptiwebtech.com,info@ptiwebtech.com,"
+91 9461017829 "
DRC Infotech, Undisclosed,4.5,< $25,"""50 - 249""","Surat,",None,https://clutch.co/profile/drc-infotech,http://www.drcinfotech.com/,info@drcinfotech.com,"
91.99.09.990897 "
Surprise Highway," $10,000+ ",4.8,$150 - $199,"""10 - 49""","Chicago,",IL,https://clutch.co/profile/surprise-highway,http://surprisehighway.com,hello@surprisehighway.com,"
312.268.2030 "
Los Angeles Web Design, Undisclosed,5,$100 - $149,"""10 - 49""","Los Angeles,",CA,https://clutch.co/profile/los-angeles-web-design,http://www.losangeleswebdesign.com/,,"
323.737.7177 "
Spikeway Technologies," $1,000+ ",5,< $25,"""10 - 49""","Noida,",None,https://clutch.co/profile/spikeway-technologies,https://www.spikeway.com,sales@spikeway.com,"
+91 8860279717 "
Spiral Scout," $10,000+ ",4.9,$50 - $99,"""10 - 49""","San Francisco,",CA,https://clutch.co/profile/spiral-scout,https://spiralscout.com/,john@spiralscout.com,"
 "
Built," $1,000+ ",4.9,$25 - $49,"""10 - 49""","Los Angeles,",CA,https://clutch.co/profile/built,http://builtbyblank.com/,hello@builtbyblank.com,"
+1 424.245.0552 "
Inovies," $5,000+ ",5,$50 - $99,"""50 - 249""","Hyderabad,",None,https://clutch.co/profile/inovies,https://www.inovies.com,info@inovies.com,"
04040273049 "
HyQuality," $10,000+ ",4.9,None,"""2 - 9""","New York,",NY,https://clutch.co/profile/hyquality,http://hyquality.com,hello@hyquality.com,"
212-671-2966 "
F5 Buddy," $1,000+ ",4.7,< $25,"""10 - 49""","Indore,",None,https://clutch.co/profile/f5-buddy,http://www.f5buddy.com/?utm_source=clutch&utm_medium=directory&utm_campaign=clutchlisting,contact@f5buddy.com,"
+91-9827724380 "
"Dot Com Development, LLC"," $25,000+ ",4.8,$50 - $99,"""10 - 49""","Scottsdale,",AZ,https://clutch.co/profile/dot-com-development,http://dotcomdevelopment.net,hello@dotcomdevelopment.net,"
(877) 755-9934 "
Spring Web Solutions, Undisclosed,4.5,$50 - $99,"""2 - 9""","Perth,",None,https://clutch.co/profile/spring-web-solutions,http://www.springwebsolutions.com,team@springwebsolutions.com,"
+61.8.6180.4310 "
Space Between," $5,000+ ",5,$50 - $99,"""10 - 49""","London,",None,https://clutch.co/profile/space-between,http://www.spacebetween.co.uk,hello@spacebetween.co.uk,"
01233800991 "
iBlazing IT Services Pvt. Ltd.," $5,000+ ",5,< $25,"""10 - 49""","Ahmedabad,",None,https://clutch.co/profile/iblazing-it-services,http://www.iblazing.com,nirmit@iblazing.com,"
+91 9825848318 "
Panacea Infotech Private limited, Undisclosed,5,$25 - $49,"""50 - 249""","Pune ,",None,https://clutch.co/profile/panacea-infotech-private,http://www.panaceatek.com/,abhishek@panaceatek.net,"
9.120.329.13760 "
Casperon Technologies Private Ltd," $10,000+ ",4.5,$25 - $49,"""50 - 249""","Chennai,",None,https://clutch.co/profile/casperon-technologies-private,http://www.casperon.com,testerdevs@gmail.com,"
9894110087 "
FLOOPEN STUDIO," $5,000+ ",5,None,"""10 - 49""","Yerevan,",None,https://clutch.co/profile/floopen-studio,http://www.floopen.com,info@floopen.com,"
+37494519901 "
MAAN Softwares INC.," $5,000+ ",4.7,$25 - $49,"""10 - 49""","Lewes,",DE,https://clutch.co/profile/maan-softwares,https://maansoftwares.com/,info@maansoftwares.com,"
+1 531 203 9141 "
mohi.to, Undisclosed,4.8,$50 - $99,"""10 - 49""","Wroclaw,",None,https://clutch.co/profile/mohito,https://en.mohi.to/,hello@mohi.to,"
+48 501 048 944 "
Flexaspect," $5,000+ ",4.9,$25 - $49,"""10 - 49""","Bellevue,",WA,https://clutch.co/profile/flexaspect,https://www.flexaspect.com/?utm_source=clutch&utm_medium=referral,hi@flexaspect.com,"
+1-425-247-0867 "
QualDev Inc.," $1,000+ ",5,< $25,"""2 - 9""","Melville,",NY,https://clutch.co/profile/qualdev,http://www.QualDev.com,info@qualdev.com,"
631.479.3005 "
Otreva, Undisclosed,5,$100 - $149,"""2 - 9""","Jessup,",PA,https://clutch.co/profile/otreva,http://www.otreva.com,info@otreva.com,"
888.570.8166 "
WhaleSoft," $1,000+ ",5,< $25,"""10 - 49""","Dnipro,",None,https://clutch.co/profile/whalesoft,http://whalesoft.com.ua,info@whalesoft.com.ua,"
+380661147196 "
Aalpha Information Systems India Pvt. Ltd.," $1,000+ ",5,< $25,"""10 - 49""","Hubli,",None,https://clutch.co/profile/aalpha-information-systems-india,https://www.aalpha.net,contact@aalpha.net,"
91.836.4262.222/ 9845619104 "
DYNEVO," $1,000+ ",5,$25 - $49,"""10 - 49""","Grodno,",None,https://clutch.co/profile/dynevo,http://dynevo.org,contact@dynevo.org,"
+375 (29) 287 19 23 "
Mango IT Solutions," $5,000+ ",4.5,$25 - $49,"""50 - 249""","Indore,",None,https://clutch.co/profile/mango-it-solutions,http://www.mangoitsolutions.com/,sales@mangoitsolutions.com,"
1-347-809-3480 "
YIELD INTERACTIVE," $1,000+ ",4.5,$25 - $49,"""10 - 49""","New Delhi,",None,https://clutch.co/profile/yield-interactive,http://www.yi3ld.com,hello@yi3ld.com,"
+91 83687 32266 "
KBIHM Consulting," $5,000+ ",5,$25 - $49,"""10 - 49""","Mohali,",None,https://clutch.co/profile/kbihm-consulting,http://www.kbihm.com,info@kbihm.com,"
+1(760)2843375 /+91-172-4788555 "
Apptology Limited," $50,000+ ",5,$25 - $49,"""10 - 49""","London,",None,https://clutch.co/profile/apptology,https://apptology.co.uk,info@apptology.co.uk,"
+44 020 3744 3609 "
OPTASY," $10,000+ ",4.8,$50 - $99,"""10 - 49""","Toronto,",None,https://clutch.co/profile/optasy,https://www.optasy.com,contact@optasy.com,"
(416) 243-2431 "
Move Closer," $5,000+ ",4.8,$25 - $49,"""10 - 49""","Warsaw,",None,https://clutch.co/profile/move-closer,http://movecloser.pl,mikolaj.czajkowski@movecloser.pl,"
+48 791 808 005 "
WebWorld Experts," $1,000+ ",5,< $25,"""250 - 999""","Chandigarh,",None,https://clutch.co/profile/webworld-experts,http://www.webworldexperts.com/,info@webworldexperts.com,"
+91(893)-099-9945 "
ULTIMEZ," $1,000+ ",4.5,$25 - $49,"""10 - 49""","Bangalore,",None,https://clutch.co/profile/ultimez,https://ultimez.com/,info@ultimez.com,"
809.571.5366 "
WeDoWebApps," $5,000+ ",4.7,$25 - $49,"""10 - 49""","Hallandale Beach,",FL,https://clutch.co/profile/wedowebapps,https://www.wedowebapps.com/,milan@wedowebapps.com,"
+1 (786) 245-4146 "
Ice House ," $1,000+ ",4.7,$50 - $99,"""50 - 249""","Pasadena,",CA,https://clutch.co/profile/ice-house,http://www.icehousecorp.com,blake@icehousecorp.com,"
 "
TEKINFOWAY," $10,000+ ",4.9,< $25,"""10 - 49""","jersey,",NJ,https://clutch.co/profile/tekinfoway,http://www.tekinfoway.com,kin@tekinfoway.com,"
7187136654 "
SAM WEB STUDIO," $5,000+ ",4.4,$25 - $49,"""10 - 49""","New Delhi,",None,https://clutch.co/profile/sam-web-studio,https://www.samwebstudio.com,contact@samwebstudio.com,"
+91.9968353570 "
Indeform Ltd.," $10,000+ ",4.7,$50 - $99,"""10 - 49""","Kaunas,",None,https://clutch.co/profile/indeform,http://www.indeform.com,contact@indeform.com,"
+370 630 09640 "
JD Softtech," $5,000+ ",4.6,$25 - $49,"""10 - 49""","Burlington,",MA,https://clutch.co/profile/jd-softtech,https://www.jdsofttech.com,info@jdsofttech.com,"
7819744568 "
ClickIT Smart Technologies," $1,000+ ",5,$25 - $49,"""50 - 249""","Saltillo,",None,https://clutch.co/profile/clickit-smart-technologies,https://www.clickittech.com/,info@clickittech.com,"
+1 (512) 487-7554 "
Miritec, Undisclosed,4.8,None,"""50 - 249""","Kiev,",None,https://clutch.co/profile/miritec,http://www.miritec.com/,sales@miritec.com,"
+1-516-321-1711 "
LN Webworks," $5,000+ ",4.5,$25 - $49,"""10 - 49""","Ludhiana,",None,https://clutch.co/profile/ln-webworks,http://lnwebworks.com,info@LNwebworks.com,"
+91 9914896525, 9914827740 "
Devise Interactive," $10,000+ ",4.6,$100 - $149,"""10 - 49""","Irvine,",CA,https://clutch.co/profile/devise-interactive,http://www.deviseinteractive.com,hello@deviseinteractive.com,"
949.208.1403 "
Priocept," $5,000+ ",4.5,$150 - $199,"""10 - 49""","London,",None,https://clutch.co/profile/priocept,http://priocept.com,info@priocept.com,"
+44.20.7422.0060 "
Ficode," $5,000+ ",5,$25 - $49,"""10 - 49""","London,",None,https://clutch.co/profile/ficode,http://www.ficode.co.uk/,info@ficode.com,"
+44 2036950893 "
Taller Digital Business, Undisclosed,4.5,$50 - $99,"""10 - 49""","Florianpolis,",None,https://clutch.co/profile/taller-digital-business,http://www.taller.net.br,fred@taller.net.br,"
+55 (48) 3238-4598 "
Multi-Programming Solutions," $5,000+ ",5,$25 - $49,"""10 - 49""","Kharkiv,",None,https://clutch.co/profile/multi-programming-solutions,http://multi-programming.com,get.quote@multi-programming.com,"
 "
BoTree Technologies," $10,000+ ",4.6,$25 - $49,"""10 - 49""","Ahmedabad,",None,https://clutch.co/profile/botree-technologies,http://www.botreetechnologies.com,shardul.bhatt@botreetechnologies.com,"
+91 81411 89890 "
PulsarFour, Undisclosed,4.5,$50 - $99,"""10 - 49""","Walnut Creek,",CA,https://clutch.co/profile/pulsarfour,http://www.pulsarfour.com,ostap@pulsarfour.com,"
844.785.7274 "
NectarBits," $1,000+ ",5,< $25,"""50 - 249""","Ahmedabad,",None,https://clutch.co/profile/nectarbits,http://www.nectarbits.com,nectarbits@gmail.com,"
+079 4032 6580 "
Mantthan Web Solutions," $1,000+ ",4.3,< $25,"""2 - 9""","Delhi,",None,https://clutch.co/profile/mantthan-web-solutions,http://www.mantthan.com,info@mantthan.com,"
+91.11.4308.4586 "
Starcode, Undisclosed,5,< $25,"""10 - 49""","Krasnodar,",None,https://clutch.co/profile/starcode,http://en.starcode.ru/,eremin@starcode.ru,"
+7.938.484.11.01 "
TechnoSIP Inc, Undisclosed,5,$100 - $149,"""10 - 49""","New York City,",NY,https://clutch.co/profile/technosip,http://www.technosip.com,info@technosip.com,"
201-860-4069 "
iProgrammer Solutions Private Ltd.," $10,000+ ",4.5,< $25,"""50 - 249""","Pune,",None,https://clutch.co/profile/iprogrammer-solutions-private,http://www.iprogrammer.com,sanjayk@iprogrammer.com,"
7028009748 "
Forte Group," $25,000+ ",5,$50 - $99,"""250 - 999""","Chicago,",IL,https://clutch.co/profile/forte-group,http://fortegrp.com,contact@fortegrp.com,"
+1.312.757.49.44 "
Stigasoft," $5,000+ ",4.8,$25 - $49,"""50 - 249""","Gurgaon,",None,https://clutch.co/profile/stigasoft,http://www.stigasoft.com,sales@stigasoft.com,"
+911244703900 "
Resonetrics, Undisclosed,5,$100 - $149,"""2 - 9""","Sandy Hook,",CT,https://clutch.co/profile/resonetrics,https://resonetrics.com,resonetrics@gmail.com,"
203.300.4361 "
BinaryFolks," $5,000+ ",5,$25 - $49,"""10 - 49""","Berhampore,",None,https://clutch.co/profile/binaryfolks,https://www.binaryfolks.com,sales@binaryfolks.com,"
+1-408-400-3820 "
Cortlex," $10,000+ ",4.8,$25 - $49,"""10 - 49""","Minsk,",None,https://clutch.co/profile/cortlex,http://cortlex.com/,info@cortlex.com,"
+375297781555 "
Glocify," $5,000+ ",5,< $25,"""10 - 49""","Panchkula,",None,https://clutch.co/profile/glocify,http://www.glocify.com/,ganesh@glocify.com,"
+91-9646512322 "
Waynord," $1,000+ ",4.5,$25 - $49,"""50 - 249""","Kaunas,",None,https://clutch.co/profile/waynord,http://waynord.com/,t.navardauskas@waynord.com,"
+370 673 69466 "
Morroni Technologies, Undisclosed,4.8,$100 - $149,"""2 - 9""","Media,",PA,https://clutch.co/profile/morroni-technologies,http://www.morroni.com/,info@morroni.com,"
610.891.9922 "
Roja Interactive," $10,000+ ",4.8,$50 - $99,"""2 - 9""","Philadelphia,",PA,https://clutch.co/profile/roja-interactive,http://www.rojaweb.com,info@rojaweb.com,"
877.854.3352 "
Acentria Technologies (P) Ltd, Undisclosed,4.3,< $25,"""10 - 49""","Jaipur,",None,https://clutch.co/profile/acentria-technologies-p,http://www.acentriatech.com,tarun@acentriatech.com,"
91-141-4110511 "
MageCloud," $5,000+ ",5,$50 - $99,"""10 - 49""",None,None,https://clutch.co/profile/magecloud,http://www.magecloud.net,sales@magecloud.net,"
 "
Hundredfold Studios," $10,000+  ",4.8,$100 - $149,"""2 - 9""","Pasadena,",CA,https://clutch.co/profile/hundredfold-studios,http://hundredfold.io,ben@hundredfold.io,"
 "
Brightgrove," $5,000+ ",4.8,$25 - $49,"""50 - 249""","Kharkiv,",None,https://clutch.co/profile/brightgrove,http://www.brightgrove.com,info@brightgrove.com,"
+38 057 751 89 51 "
Orion Concepts," $5,000+ ",5,$50 - $99,"""Freelancer""","Brooklyn,",NY,https://clutch.co/profile/orion-concepts,https://www.orionconcepts.net,hello@orionconcepts.net,"
(347) 989-3075 "
Tyrannosaurus Tech," $25,000+ ",4.9,$150 - $199,"""10 - 49""","Atlanta,",GA,https://clutch.co/profile/tyrannosaurus-tech,https://tyrannosaurustech.com/,carlos@tyrannosaurustech.com,"
770.282.9628 "
Web Access, Undisclosed,4.7,$50 - $99,"""10 - 49""","Wilton,",CT,https://clutch.co/profile/web-access,http://www.webaccessglobal.com,askus@webaccessglobal.com,"
203.665.0057 "
One Pica, Undisclosed,None,$100 - $149,"""10 - 49""","Boston,",MA,https://clutch.co/profile/one-pica,http://www.onepica.com/,hello@onepica.com,"
617.695.9995 "
Skkepper," $1,000+ ",5,< $25,"""10 - 49""","Panchkula,",None,https://clutch.co/profile/skkepper,https://www.skkepper.com,info@skkepper.com,"
+1 347 983 0299 "
ToBeCode," $10,000+ ",5,$50 - $99,"""2 - 9""","Sofia,",None,https://clutch.co/profile/tobecode,http://tobecode.com,office@tobecode.com,"
+359 888 43 88 92 "
Shimshock Group, Undisclosed,4.7,$100 - $149,"""Freelancer""","Austin,",TX,https://clutch.co/profile/shimshock-group,http://shimshockgroup.com,info@shimshockgroup.com,"
512.994.0110 "
Gravita Infotech, Undisclosed,5,< $25,"""10 - 49""","Jaipur,",None,https://clutch.co/profile/gravita-infotech,http://www.gravitainfotech.com/,info@gravitainfotech.com,"
+91 141 4057700, 4057783 "
Datasoft IT Kings LLP," $5,000+ ",5,< $25,"""2 - 9""","Dharmshala,",None,https://clutch.co/profile/datasoft-it-kings-llp,http://www.dsik.co.in,info@dsik.co.in,"
 "
Liquify Design," $5,000+ ",5,$50 - $99,"""2 - 9""",None,None,https://clutch.co/profile/liquify-design,https://liquify.design,annie@liquify.design,"
 "
RobustTechHouse," $1,000+ ",4,< $25,"""10 - 49""",None,None,https://clutch.co/profile/robusttechhouse,http://www.robusttechhouse.com,sales@robusttechhouse.com,"
 "
nextbracket," $1,000+ ",5,$50 - $99,"""Freelancer""","Lakewood,",NJ,https://clutch.co/profile/nextbracket,http://nextbracket.io,sales@nextbracket.io,"
732.835.7597 "
Argience Technologies Pvt. Ltd.," $10,000+ ",4,$50 - $99,"""10 - 49""","Mumbai,",None,https://clutch.co/profile/argience-technologies,http://www.argience.com,biz@argience.com,"
+91.9920011542 "
The Source Approach," $10,000+ ",5,$150 - $199,"""Freelancer""","Buffalo,",NY,https://clutch.co/profile/source-approach,https://www.sourceapproach.com,tanner@sourceapproach.com,"
716-616-0136 "
Space 48," $100,000+ ",None,$300+,"""50 - 249""","Manchester,",None,https://clutch.co/profile/space-48,https://www.space48.com/,hello@space48.com,"
0161.710.3740 "
Think Tank Designs, Undisclosed,5,$100 - $149,"""2 - 9""","Chino Hills,",CA,https://clutch.co/profile/think-tank-designs,http://www.thinktankdesigns.com/,info@thinktankdesigns.com,"
909.393.6363 "
Briteskies, Undisclosed,None,$100 - $149,"""10 - 49""","Independence,",OH,https://clutch.co/profile/briteskies,http://www.briteskies.com/,info@briteskies.com,"
216.369.3600 "
SECL Group," $5,000+ ",3.5,$25 - $49,"""10 - 49""","Kiev,",None,https://clutch.co/profile/secl-group,http://seclgroup.com/,info@seclgroup.com,"
+380.44.360.62.50 "
Sandbar Digital," $5,000+ ",4.8,$50 - $99,"""2 - 9""","Covent Garden,",None,https://clutch.co/profile/sandbar-digital,http://www.sandbardigital.com,hello@sandbardigital.com,"
 "
Creaa Designs," $1,000+ ",4.5,< $25,"""Freelancer""","Mumbai,",None,https://clutch.co/profile/creaa-designs,http://www.creaadesigns.com,info@creaadesigns.com,"
 "
Outsourcify," $1,000+ ",5,$25 - $49,"""10 - 49""",None,None,https://clutch.co/profile/outsourcify,http://outsourcify.net/,benoit@outsourcify.net,"
+66 (0)8 2842 0575 "
Namango Web Development," $5,000+ ",5,$100 - $149,"""10 - 49""","Glendale,",CA,https://clutch.co/profile/namango-web-development,http://www.namango.com/,project.namango@gmail.com,"
 "
Alofa Techlabs (Pvt) Ltd," $1,000+ ",5,< $25,"""2 - 9""","Battaramulla,",None,https://clutch.co/profile/alofa-techlabs,http://www.alofatechlabs.com,sahan@alofatechlabs.com,"
+94112080886 "
Memorres," $5,000+ ",5,$25 - $49,"""10 - 49""","Jaipur,",None,https://clutch.co/profile/memorres,http://memorres.com/,ranjana@memorres.com,"
9950154777 "
TechnoCrackers," $1,000+ ",5,< $25,"""10 - 49""","Ahmedabad,",None,https://clutch.co/profile/technocrackers,https://www.technocrackers.com,jasmin@technocrackers.com,"
9173526383 "
Irish Titan, Undisclosed,None,$100 - $149,"""10 - 49""","Minneapolis,",MN,https://clutch.co/profile/irish-titan,http://www.irishtitan.com/,info@irishtitan.com,"
612.200.1015 "
Adequate Web Solutions, Undisclosed,5,< $25,"""2 - 9""","Ahmedabad,",None,https://clutch.co/profile/adequate-web-solutions,http://www.adequatewebsolutions.com/,info@adequateweomlutions.com,"
 "
Diligent Commerce," $10,000+ ",None,$150 - $199,"""10 - 49""","London,",None,https://clutch.co/profile/diligent-commerce,http://diligentcommerce.com,hello@diligentcommerce.com,"
+44 (0)20.7739.5745 "
PureNet," $10,000+ ",None,None,"""50 - 249""","York,",None,https://clutch.co/profile/purenet,http://www.purenet.co.uk,sales@purenet.co.uk,"
01904 898 444 "
Zynovo Solutions Inc. ," $5,000+ ",0.5,$100 - $149,"""2 - 9""","Sherman Oaks,",CA,https://clutch.co/profile/zynovo-solutions,http://zynovo.com/,info@zynovo.com,"
424.835.0442 "
NXTurn," $10,000+ ",3.9,$150 - $199,"""10 - 49""","Pompano Beach,",FL,https://clutch.co/profile/nxturn,http://www.nxturn.com,sales@nxturn.com,"
888.450.3330 "
Maisa Solutions, Undisclosed,4,< $25,"""10 - 49""","Hyderabad,",None,https://clutch.co/profile/maisa-solutions,http://www.maisasolutions.com,contact@maisasolutions.com,"
91.040.401.77227 "
Take2 Technologies," $1,000+ ",4.8,$25 - $49,"""2 - 9""","Bhilwara,",None,https://clutch.co/profile/take2-technologies,http://taketwotechnologies.com/,ms@taketwotechnologies.com,"
+91-9887800479 "
Expresscommerce LLC, Undisclosed,None,None,"""10 - 49""","Chicago,",IL,https://clutch.co/profile/expresscommerce,http://expresscommerce.co/,sales@expresscommerce.co,"
1-847-452-9538 "
Magecom, Undisclosed,None,$25 - $49,"""2 - 9""","Kharkov,",None,https://clutch.co/profile/magecom,http://www.magecom.net,info@magecom.net,"
 "
SERF company," $1,000+ ",3.5,< $25,"""50 - 249""","Kharkov,",None,https://clutch.co/profile/serf-company,http://www.serfcompany.com,promotion.serfcompany@gmail.com,"
+380668953680 "
Dupont Creative, Undisclosed,None,$150 - $199,"""10 - 49""","Washington,",DC,https://clutch.co/profile/dupont-creative,http://www.dupontcreative.com/,dc@dupontcreative.com,"
202.554.2200 "
Dreams Animation, Undisclosed,None,$100 - $149,"""2 - 9""","Long Island City,",NY,https://clutch.co/profile/dreams-animation,http://dreamsanimation.com/,sales@DreamsAnimation.com,"
212-202-0767 "
EYEMAGINE, Undisclosed,None,$200 - $300,"""10 - 49""","Irvine,",CA,https://clutch.co/profile/eyemagine,http://www.eyemaginetech.com,sales@eyemaginetech.com,"
(949) 218-1331 "
Lexel," $10,000+ ",None,$100 - $149,"""10 - 49""","Brighton,",None,https://clutch.co/profile/lexel,https://www.lexel.co.uk/,info@lexel.co.uk,"
02 3598 2401 "
Magestore," $1,000+ ",None,$25 - $49,"""50 - 249""","San Francisco,",CA,https://clutch.co/profile/magestore,http://www.magestore.com/,support@magestore.com,"
1-606-657-0768 "
Selesti, Undisclosed,None,$100 - $149,"""10 - 49""","Norwich,",None,https://clutch.co/profile/selesti,http://www.selesti.com,hello@selesti.com,"
+44 16 0376 0767 "
Popesites," $10,000+ ",None,$50 - $99,"""10 - 49""","Pleasant Hill,",CA,https://clutch.co/profile/popesites,https://popesites.com/,conner@popesites.tech,"
925-392-5619 "
RV Technologies ," $1,000+ ",1.5,$25 - $49,"""50 - 249""","Chandigarh,",None,https://clutch.co/profile/rv-technologies,http://rvtechnologies.co.in/,rvitexperts@gmail.com,"
+91 89685 19881 "
StableFlow, Undisclosed,None,$25 - $49,"""10 - 49""","Khakov,",None,https://clutch.co/profile/stableflow,http://www.stableflow.com,sales@stableflow.com,"
1.718.395.3674 "
Icecube Digital, Undisclosed,None,$25 - $49,"""10 - 49""",None,None,https://clutch.co/profile/icecube-digital,http://icecubedigital.com/,bhavin@icecubedigital.com,"
 "
EcommerceWebsiteDeveloper, Undisclosed,None,None,"""50 - 249""","Ahmedabad,",None,https://clutch.co/profile/ecommercewebsitedeveloper,http://www.ecommerce-website-developer.com,jamesb.2713@gmail.com,"
(213) 908-1090 "
Star Digital," $10,000+ ",None,$150 - $199,"""10 - 49""","Northampton,",None,https://clutch.co/profile/star-digital,https://www.star-digital.co.uk/,info@star-digital.co.uk,"
01604.696.385 "
OTS Solutions," $10,000+ ",None,$50 - $99,"""50 - 249""","New York,",NY,https://clutch.co/profile/ots-solutions,http://www.otssolutions.com,sales@otssolutions.com,"
732-588-7500 "
Lightbox Digital," $10,000+ ",None,$150 - $199,"""10 - 49""","Birmingham,",None,https://clutch.co/profile/lightbox-digital,https://lightboxdigital.co.uk/,info@lightboxdigital.co.uk,"
+44.0121.516.2500 "
Tomrain," $5,000+ ",None,< $25,"""10 - 49""","West Velachery, Chennai,",None,https://clutch.co/profile/tomrain,http://tomrain.com/,info@tomrain.com,"
+91 44 2253 2755 "
Guidance ," $50,000+ ",None,$150 - $199,"""50 - 249""","Marina del Rey,",CA,https://clutch.co/profile/guidance,https://www.guidance.com/,sales@guidance.com,"
310.754.4000 "
avatar new york," $25,000+ ",None,$100 - $149,"""10 - 49""","New York,",NY,https://clutch.co/profile/avatar-new-york,http://avatarnewyork.com/,sales.g@avatarnewyork.com,"
646-392-8184 "
Lamia Oy, Undisclosed,None,$50 - $99,"""50 - 249""","Helsinki,",None,https://clutch.co/profile/lamia-oy,http://lamia.fi/,henri@lamia.fi,"
+358405399867 "
Speroteck Inc," $5,000+ ",None,$100 - $149,"""50 - 249""","Northbrook,",IL,https://clutch.co/profile/speroteck,http://www.speroteck.com/,info@speroteck.com,"
1.847.637.5989 "
e9digital, Undisclosed,None,$150 - $199,"""2 - 9""","New York,",NY,https://clutch.co/profile/e9digital,http://e9digital.com/,info@e9digital.com,"
646.663.5506 "
Ziffity Solutions LLC," $50,000+ ",None,$25 - $49,"""50 - 249""","Texas,",TX,https://clutch.co/profile/ziffity-solutions,http://www.ziffity.com,contactus@ziffity.com,"
+14156925513 "
Elogic Commerce," $25,000+ ",None,$25 - $49,"""50 - 249""","Chernivtsi,",None,https://clutch.co/profile/elogic-commerce,https://elogic.co,hey@elogic.co,"
+380507641000 "
CSSChopper, Undisclosed,None,$25 - $49,"""50 - 249""","Noida,",None,https://clutch.co/profile/csschopper,http://www.csschopper.com,sales@csschopper.com,"
91.120.473.5100 "
Flatorb Inc, Undisclosed,None,$25 - $49,"""10 - 49""","New Rochelle,",NY,https://clutch.co/profile/flatorb,http://www.flatorb.com,contact@flatorb.com,"
202.525.7776 "
Sigma Solve, Undisclosed,None,< $25,"""50 - 249""","Fort Lauderdale,",FL,https://clutch.co/profile/sigma-solve,http://www.sigmasolve.net,biren@sigmasolve.net,"
954.397.0800 "
Meigee," $1,000+ ",None,$25 - $49,"""10 - 49""","Warsaw,",None,https://clutch.co/profile/meigee,http://meigee.team,contact@meigee.team,"
 "
2J Commerce," $10,000+ ",None,$150 - $199,"""10 - 49""","Sheffield,",None,https://clutch.co/profile/2j-commerce,https://www.2jcommerce.com,info@2jcommerce.com,"
0114.383.0807 "
Smartebusiness," $10,000+ ",None,$150 - $199,"""10 - 49""","Manchester,",None,https://clutch.co/profile/smartebusiness,http://www.smartebusiness.co.uk/,mark.hammersley@smartebusiness.co.uk,"
0211.657.823 "
NANO WEB GROUP, Undisclosed,None,None,"""10 - 49""","New York,",NY,https://clutch.co/profile/nano-web-group,http://www.nanowebgroup.com,info@nanowebgroup.com,"
212.658.0085 "
Webinse, Undisclosed,None,$25 - $49,"""10 - 49""","Kiew,",None,https://clutch.co/profile/webinse,https://www.webinse.com/,sales@webinse.com,"
+1 917 387 4408 "
SmartMage," $25,000+ ",None,$50 - $99,"""10 - 49""","Opole,",None,https://clutch.co/profile/smartmage,https://www.smartmage.pl,biuro@smartmage.pl,"
+48 667 366 526 "
Webbleu Technologies Pvt. Ltd.," $1,000+ ",None,< $25,"""50 - 249""","Ahmedabad,",None,https://clutch.co/profile/webbleu-technologies,http://www.webbleu.com/,info@webbleu.com,"
+91.997.420.2664 "
Webcreta Technologies," $1,000+ ",None,< $25,"""10 - 49""","Gandhinagar,",None,https://clutch.co/profile/webcreta-technologies,http://webcreta.com,info@webcreta.com,"
 "
Rock Technolabs," $1,000+ ",None,$25 - $49,"""10 - 49""","Ahmedabad,",None,https://clutch.co/profile/rock-technolabs,http://rocktechnolabs.com/,bhavik@rocktechnolabs.com,"
 "
VIsion Vivante LLP," $1,000+ ",None,< $25,"""10 - 49""","Panchkula,",None,https://clutch.co/profile/vision-vivante-llp,http://visionvivante.com/,info@visionvivante.com,"
9915103211 "
Mage Devs," $1,000+ ",None,$25 - $49,"""10 - 49""","Kharkiv,",None,https://clutch.co/profile/mage-devs,https://www.mage-devs.com/,kateryna.zemliankina@ssa.group,"
+38 093 997 13 76 "
Dinarys LLC," $1,000+ ",None,$25 - $49,"""10 - 49""","Dnipro,",None,https://clutch.co/profile/dinarys,http://dinarys.com/,hallo@dinarys.com,"
+38067 625 1500 "
FATbit Technologies," $1,000+ ",None,$25 - $49,"""50 - 249""","Mohali,",None,https://clutch.co/profile/fatbit-technologies,http://www.fatbit.com/,salesteam@fatbit.com,"
+91 95555 96666 "
VIHA DIGITAL COMMERCE PRIVATE LMITED," $1,000+ ",None,$25 - $49,"""10 - 49""","Ahmedabad,",None,https://clutch.co/profile/viha-digital-commerce-private-lmited,https://www.vihadigitalcommerce.com,info@vihadigitalcommerce.com,"
 "
67 Commerce," $5,000+ ",None,$25 - $49,"""10 - 49""","Mohali ,",None,https://clutch.co/profile/67-commerce,http://www.67commerce.com,hello@67commerce.com,"
 "
The Apis," $5,000+ ",None,$25 - $49,"""10 - 49""","Lviv,",None,https://clutch.co/profile/apis,http://theapis.com,tdobosh@theapis.com,"
+380636217935 "
The Jibe," $50,000+ ",None,$100 - $149,"""10 - 49""","Vancouver,",None,https://clutch.co/profile/jibe,https://thejibe.com,go@thejibe.com,"
+1-877-866-5423 "
Pimcore," $10,000+ ",None,$50 - $99,"""50 - 249""","Salzburg,",None,https://clutch.co/profile/pimcore,http://www.pimcore.com,us@pimcore.com,"
+43 66 2876606230 "
Logicrays Inc.," $1,000+ ",None,< $25,"""10 - 49""","Ahmedabad,",None,https://clutch.co/profile/logicrays,http://www.logicrays.com,biz@logicrays.com,"
+91-079-48975571 "
Media Lounge," $50,000+ ",None,$200 - $300,"""10 - 49""","Bournemouth,",None,https://clutch.co/profile/media-lounge,https://www.medialounge.co.uk/,enquiries@medialounge.co.uk,"
+441202237370 "
Full Impact Studios - fiswebdesign," $5,000+ ",None,$100 - $149,"""10 - 49""","Los Angeles,",CA,https://clutch.co/profile/full-impact-studios-fiswebdesign,https://www.fiswebdesign.com/,sales@fiswebdesign.com,"
800-658-0113 "
Doyenhub Software Solutions," $5,000+ ",None,$25 - $49,"""50 - 249""","Clarksburg,",MD,https://clutch.co/profile/doyenhub-software-solutions,https://www.doyenhub.com/,contact@doyenhub.com,"
+1-208 206 6361 "
KGN Technologies," $10,000+ ",None,$150 - $199,"""50 - 249""","Ahmedabad ,",None,https://clutch.co/profile/kgn-technologies,http://www.kgntechnologies.com/,info@kgntechnologies.com,"
+44.0.203.372.4450 "
Northern Commerce," $25,000+ ",None,$100 - $149,"""50 - 249""","London,",None,https://clutch.co/profile/northern-commerce,https://www.northern.co,info@northern.co,"
866-930-4608 "
Object Source," $10,000+ ",None,$150 - $199,"""2 - 9""","London,",None,https://clutch.co/profile/object-source,https://objectsource.co.uk/,hello@objectsource.co.uk,"
+44.0.203.301.3820 "
OhoShop Pvt. Ltd.," $1,000+ ",None,None,"""10 - 49""","Ahmedabad,",None,https://clutch.co/profile/ohoshop,https://www.ohoshop.in/,info@ohoshop.in,"
80-8840-8840 "
Skywell," $5,000+ ",None,$25 - $49,"""50 - 249""","Kyiv,",None,https://clutch.co/profile/skywell,http://www.skywellworld.com,info@skywellworld.com,"
+380 (44) 225-11-55 "
Ecomfoster Technology," $1,000+ ",None,$25 - $49,"""10 - 49""","Ahmedabad ,",None,https://clutch.co/profile/ecomfoster-technology,http://www.ecomfoster.com/,info@ecomfoster.com,"
+079.4000.9075 "
Sankhala Info Solutions, Undisclosed,None,< $25,"""10 - 49""","Surat,",None,https://clutch.co/profile/sankhala-info-solutions,http://www.sankhalainfo.co.in,sales@sankhalainfo.co.in,"
8238754252 "
Synamen Thinklabs Pvt. Ltd.," $1,000+ ",None,< $25,"""10 - 49""","Chennai,",None,https://clutch.co/profile/synamen-thinklabs,http://www.synamen.com,info@synamen.com,"
(+91) 44 4215 5672 "
Ngage Studios," $1,000+ ",None,< $25,"""2 - 9""","Ahmedabad,",None,https://clutch.co/profile/ngage-studios,http://www.ngagestudios.com/,niraj@ngagestudios.com,"
8000125346 "
Dolphin Web Solution Pvt. Ltd.," $5,000+ ",None,$25 - $49,"""10 - 49""","Ahmedabad,",None,https://clutch.co/profile/dolphin-web-solution,https://www.dolphinwebsolution.com/,sales@dolphi.cobsolution.com,"
+91(635) 269 8617 "
Wiki Solution, Undisclosed,None,None,"""2 - 9""","Ho Chi Minh City,",None,https://clutch.co/profile/wiki-solution,https://wiki-solution.com/,contact@wiki-solution.com,"
 "
Jola Interactive, Undisclosed,None,$50 - $99,"""10 - 49""","Brooklyn,",NY,https://clutch.co/profile/jola-interactive,http://jolausa.com/,info@jolausa.com,"
877.664.5652 "
Mageplaza," $1,000+ ",None,$100 - $149,"""10 - 49""","Noida,",None,https://clutch.co/profile/mageplaza,https://www.mageplaza.com/,haonv@mageplaza.com,"
 "
Onjection Labs," $1,000+ ",None,$25 - $49,"""10 - 49""","Gurgaon,",None,https://clutch.co/profile/onjection-labs,http://www.onjection.com,contact@onjection.com,"
 "
AleaIT Solutions," $5,000+ ",None,$25 - $49,"""10 - 49""","Jaipur,",None,https://clutch.co/profile/aleait-solutions,https://www.aleaitsolutions.com/,support@aleaitsolutions.com,"
9610365064 "
Digital Operative," $50,000+ ",None,$150 - $199,"""10 - 49""","San Diego,",CA,https://clutch.co/profile/digital-operative,http://www.digitaloperative.com/,info@digitaloperative.com,"
619.795.0630 "
B2BGateway," $10,000+ ",None,$200 - $300,"""50 - 249""","Brockton,",MA,https://clutch.co/profile/b2bgateway,http://www.b2bgateway.net,sales@b2bgateway.net,"
401.491.9595 "
Flint Studios," $25,000+ ",None,$25 - $49,"""10 - 49""","Belfast,",None,https://clutch.co/profile/flint-studios,https://flintstudios.co.uk/home/,info@flintstudios.co.uk,"
+44.28.9045.5554 "
InTechSoft," $1,000+ ",None,$25 - $49,"""10 - 49""","Kharkiv,",None,https://clutch.co/profile/intechsoft,http://intechsoft.net,aleksander.sucharew@intechsoft.net,"
 "
Eram Infotech," $1,000+ ",None,< $25,"""50 - 249""","Thiruvanathapuram,",None,https://clutch.co/profile/eram-infotech,http://eraminfotech.in/,bd@eraminfotech.in,"
+91-8590777202 "
Pinpoint Designs," $10,000+ ",None,$150 - $199,"""10 - 49""","Leeds,",None,https://clutch.co/profile/pinpoint-designs,https://www.pinpointdesigns.co.uk/,hello@pinpointdesigns.co.uk,"
+44 113 493 1774 "
North Texas Web Design," $5,000+ ",None,$100 - $149,"""2 - 9"""," McKinney,",TX,https://clutch.co/profile/north-texas-web-design,https://northtexas-webdesign.com,info@northtexaswebdesign.com,"
214.534.6830 "
Cohesion Digital," $10,000+ ",None,$150 - $199,"""2 - 9""","Hamilton,",None,https://clutch.co/profile/cohesion-digital,https://www.cohesiondigital.co.uk,hello@cohesiondigital.co.uk,"
141.249.0641 "
MadeByPi," $10,000+ ",None,$100 - $149,"""50 - 249""","Leeds,",None,https://clutch.co/profile/madebypi,http://www.madebypi.co.uk,toby.jordan@madebypi.co.uk,"
0113 228 2300 "
getSmartcoders," $5,000+ ",None,< $25,"""250 - 999""","Bangalore,",None,https://clutch.co/profile/getsmartcoders,https://www.getsmartcoders.com,info@getsmartcoders.com,"
1855-599-6026 "
"RipeConcepts, INC.", Undisclosed,None,$50 - $99,"""50 - 249""","Cebu City,",None,https://clutch.co/profile/ripeconcepts,http://www.ripeconcepts.com/,quotations@ripeconcepts.com,"
 "
Enlogica," $10,000+ ",None,$100 - $149,"""2 - 9""","Claremont,",CA,https://clutch.co/profile/enlogica,http://enlogica.com/,web@enlogica.com,"
626.219.0619 "
Fowara," $5,000+ ",None,$100 - $149,"""2 - 9""","Atlanta,",GA,https://clutch.co/profile/fowara,https://www.fowara.com/,info@fowara.com,"
678.878.2110 "
Web Development," $5,000+ ",None,$50 - $99,"""10 - 49""",None,None,https://clutch.co/profile/web-development,https://www.example.com,,"
 "
Leo Technosoft, Undisclosed,None,None,"""50 - 249""","Pune,",None,https://clutch.co/profile/leo-technosoft,http://www.leotechnosoft.net/,enquiry@leosys.net,"
+91-20-2689 9853 "
Paspartoo," $1,000+ ",None,< $25,"""2 - 9""","Zaporizhzhia,",None,https://clutch.co/profile/paspartoo,http://www.paspartoo.com,sergey@paspartoo.com,"
5 "
VT Netzwelt," $5,000+ ",None,$50 - $99,"""10 - 49""","Mohali,",None,https://clutch.co/profile/vt-netzwelt,http://www.vtnetzwelt.com/,webmaster@vtnetzwelt.com,"
646.480.0248 "
Optiweb," $10,000+ ",None,$50 - $99,"""10 - 49""","kofja Loka,",None,https://clutch.co/profile/optiweb,https://www.optiweb.com/,info@optiweb.com,"
+386 40 624 724 "
Kadam Technologies," $1,000+ ",None,< $25,"""10 - 49""","Gurgaon,",None,https://clutch.co/profile/kadam-technologies,http://www.kadamtech.com,mohit.singhal@kadamtech.com,"
8745859916 "
iPragmatech Solutions," $10,000+ ",None,$25 - $49,"""10 - 49""","Noida,",None,https://clutch.co/profile/ipragmatech-solutions,https://www.ipragmatech.com/,info@ipragmatech.com,"
+91-880 046 6470 "
Terrific Minds," $1,000+ ",None,< $25,"""10 - 49""","Trivandrum,",None,https://clutch.co/profile/terrific-minds,http://www.terrificminds.com,hello@terrificminds.com,"
+91 (830) 107-6022 "
GFE Media GmbH," $10,000+ ",None,$100 - $149,"""10 - 49""","Goeppingen,",None,https://clutch.co/profile/gfe-media-gmbh,http://gfe-media.de,sales@gfe-media.de,"
+49 7161 307 91 0 "
8allocate.," $10,000+ ",None,$25 - $49,"""50 - 249""","Kiev,",None,https://clutch.co/profile/8allocate,http://www.8allocate.com,vp@8allocate.com,"
+380988880201 "
530medialab," $10,000+ ",None,$100 - $149,"""10 - 49""","Cypress,",CA,https://clutch.co/profile/530medialab,http://www.530medialab.com/,will.e@530medialab.com,"
562.624.5888 "
Monimedia," $50,000+ ",None,$100 - $149,"""10 - 49""","Kowloon Tong,",None,https://clutch.co/profile/monimedia,http://www.monimedia.com,info@monimedia.com,"
852 3188 3660 "
Fisheye," $25,000+ ",None,$25 - $49,"""10 - 49""","Shrewsbury,",None,https://clutch.co/profile/fisheye,https://fisheye-webdesign.co.uk/,info@fisheye-webdesign.co.uk,"
+44.1743.292610 "
Freshbyte," $1,000+ ",None,$25 - $49,"""50 - 249""","Napoca,",None,https://clutch.co/profile/freshbyte,http://www.freshbyteinc.com/,hello@freshbyteinc.com,"
+40.364.100.152 "
Agile Codex Ltd," $1,000+ ",None,< $25,"""10 - 49""","Dhaka,",None,https://clutch.co/profile/agile-codex,http://www.agilecodex.com,info@agilecodex.com,"
+880.184.713.2939, +88029137384 "
Maven Infosoft Pvt Ltd, Undisclosed,None,$25 - $49,"""10 - 49""","Ahmedabad,",None,https://clutch.co/profile/maven-infosoft,http://www.maven-infosoft.com/,enquiry@maven-infosoft.com,"
91.79.6545.7841 "
iSquare Technologies," $1,000+ ",None,< $25,"""10 - 49""","Ahmedabad,",None,https://clutch.co/profile/isquare-technologies,https://www.isquaretechnologies.com/,info@isquaretechnologies.como@i,"
 "
Global4Net sp. z o.o., Undisclosed,None,None,"""10 - 49""","Wrocaw,",None,https://clutch.co/profile/global4net-sp-z-oo,http://www.global4net.com,biuro@global4net.com,"
+48 71 769 1428 "
Ambient Infotech," $1,000+ ",None,< $25,"""10 - 49""","Jaipur,",None,https://clutch.co/profile/ambient-infotech,http://www.ambientinfotech.com,info@ambientinfotech.com,"
9251076906 "
Gooey Creative," $10,000+ ",None,$150 - $199,"""10 - 49""","Manchester ,",None,https://clutch.co/profile/gooey-creative,https://www.abitgooey.com/,hello@abitgooey.com,"
+44 0161.2373.114 "
iFuel Interactive," $5,000+ ",None,$100 - $149,"""10 - 49""","New York,",NY,https://clutch.co/profile/ifuel-interactive,http://www.ifuelinteractive.com/,info@ifuelinteractive.com,"
212.994.6694 "
Smacon Technologies Private Limited," $5,000+ ",None,$25 - $49,"""10 - 49""","Ernakulam,",None,https://clutch.co/profile/smacon-technologies-private,http://smacontech.com,sreekesh@smacontech.com,"
9847885925 "
EYStudios," $5,000+ ",None,$100 - $149,"""10 - 49""","Kennesaw,",GA,https://clutch.co/profile/eystudios,https://eystudios.com/,info@eystudios.com,"
888.429.4803 "
iColdo," $5,000+ ",None,$50 - $99,"""10 - 49""","Iasi,",None,https://clutch.co/profile/icoldo,http://www.icoldo.com,hello@icoldo.com,"
+40 747 017 015 "
Kento Systems," $5,000+ ",None,$100 - $149,"""10 - 49""","Los Angeles,",CA,https://clutch.co/profile/kento-systems,http://www.kentosystems.com/,info@kentosystems.com,"
310.882.7755 "
basecom, Undisclosed,None,$100 - $149,"""50 - 249""",None,None,https://clutch.co/profile/basecom,https://www.basecom.de/ecommerce/magento-agentur,busch@basecom.de,"
 "
AOE, Undisclosed,None,$150 - $199,"""50 - 249""","San Francisco,",CA,https://clutch.co/profile/aoe,https://www.aoe.com/en/home.html,,"
415.230.0690 "
Creative Arc," $5,000+ ",None,$100 - $149,"""2 - 9""","Minneapolis,",MN,https://clutch.co/profile/creative-arc,http://creativearc.com/,info@creativearc.com,"
612.605.0822 "
El Bug Farm," $5,000+ ",None,$50 - $99,"""2 - 9""","Los Angeles,",CA,https://clutch.co/profile/el-bug-farm,http://www.elbugfarm.com/,info@elbugfarm.com,"
323.284.6713 "
Reticent Media, Undisclosed,None,$100 - $149,"""10 - 49""",None,None,https://clutch.co/profile/reticent-media,http://www.reticentmedia.com,info@reticentmedia.com,"
 "
Zyberchief," $5,000+ ",None,$100 - $149,"""10 - 49""","Aarhus C,",None,https://clutch.co/profile/zyberchief,https://zyberchief.com,info@zyberchief.com,"
+45.233.78.776 "
Wise," $5,000+ ",None,$25 - $49,"""10 - 49""","Kharkiv,",None,https://clutch.co/profile/wise,http://wdg-company.com/,info@wdg.com.ua,"
 "
Seraph InfoTech," $1,000+ ",None,< $25,"""10 - 49""","Jaipur,",None,https://clutch.co/profile/seraph-infotech,http://www.seraphinfotech.com,sales@seraphinfotech.com,"
01416541022 "
Nethues Technologies Pvt. Ltd.," $1,000+ ",None,$25 - $49,"""50 - 249""","Rohini,",None,https://clutch.co/profile/nethues-technologies,http://www.nethues.com/,info@nethues.com,"
+91-11-47567701/02 "
Biago Media," $5,000+ ",None,$100 - $149,"""2 - 9""","Los Angeles,",CA,https://clutch.co/profile/biago-media,https://www.biagomedia.com/,sales@biagomedia.com,"
310.402.2243 "
Vento Solutions LLC," $5,000+ ",None,$100 - $149,"""2 - 9""","New York,",NY,https://clutch.co/profile/vento-solutions,http://www.ventosolutions.com/,contactus@ventosolutions.com,"
+1.866.211.3111 "
Claremont Design," $5,000+ ",None,$100 - $149,"""2 - 9""","Los Angeles,",CA,https://clutch.co/profile/claremont-design,https://claremontdesign.com/,Info@Claremontdesign.com,"
877.932.2008 "
AppJetty," $5,000+ ",None,$25 - $49,"""2 - 9""","Ahmedabad,",None,https://clutch.co/profile/appjetty,https://www.appjetty.com/,sales@appjetty.com,"
 "
Web & Mobile Studio," $1,000+ ",None,$25 - $49,"""10 - 49""","Toronto,",None,https://clutch.co/profile/web-mobile-studio,http://webandmobilestudio.com/,paul@webandmobilestudio.com,"
 "
Magento Ecommerce Development," $10,000+ ",None,$150 - $199,"""2 - 9""","Chicago,",IL,https://clutch.co/profile/magento-ecommerce-development,http://www.magentoecommerce.net/,enquiry@magentoecommerce.net,"
404.643.6023 "
Stitch Technologies," $5,000+ ",None,$100 - $149,"""2 - 9""","Playa del Rey,",CA,https://clutch.co/profile/stitch-technologies,http://stitch-technologies.com/,info@stitch-technologies.com,"
304.278.4824 "
Opace Web Design," $5,000+ ",None,$50 - $99,"""2 - 9""","Birmingham,",None,https://clutch.co/profile/opace-web-design,https://www.opace.co.uk,info@opace.co.uk,"
0121 222 5757 "
TACT, Undisclosed,None,< $25,"""10 - 49""","Lucknow,",None,https://clutch.co/profile/tact,http://www.trendsetterz.co.in,contact@tact.co.in,"
+91 522 4108608 "
Cromosys Technologies Pvt Ltd., Undisclosed,None,$50 - $99,"""50 - 249""","Ahmedabad,",None,https://clutch.co/profile/cromosys-technologies,http://www.cromosys.com,sales@cromosys.com,"
+91.79.65468080 "
Csoft Technology, Undisclosed,None,None,"""10 - 49""","Ahmedabad,",None,https://clutch.co/profile/csoft-technology,http://www.csofttech.com,csofttech@csofttech.com,"
+91 98258 90296 "
EchoTech Group ," $10,000+ ",None,$100 - $149,"""10 - 49""","Woodland Hills,",CA,https://clutch.co/profile/echotech-group,http://echotechgroup.com/,info@echotechgroup.com,"
818.351.7200 "
Shine Infotech, Undisclosed,None,$50 - $99,"""2 - 9""",None,None,https://clutch.co/profile/shine-infotech,http://www.shineinfotech.com.au,info@shineinfotech.com.au,"
+61-410744567 "
Optaros," $5,000+ ",None,$150 - $199,"""50 - 249""","Boston,",MA,https://clutch.co/profile/optaros,https://www.optaros.com,,"
 "
Let's Enkindle," $5,000+ ",None,< $25,"""10 - 49""","Ahmedabad,",None,https://clutch.co/profile/lets-enkindle,http://letsenkindle.com,d@letsenkindle.com,"
+91 972 366 4556 "
Mercutio," $1,000+ ",None,$25 - $49,"""10 - 49""","Seattle,",WA,https://clutch.co/profile/mercutio,https://www.getmercutio.com/,info@getmercutio.com,"
206.735.7994 "
SpurIT, Undisclosed,None,$50 - $99,"""50 - 249""","Palatine,",IL,https://clutch.co/profile/spurit,http://spur-i-t.com/,contact@spur-i-t.com,"
+1 (888) 409-2976 "
Bytes Technolab," $1,000+ ",None,< $25,"""10 - 49""","Ahmedabad,",None,https://clutch.co/profile/bytes-technolab,http://www.bytestechnolab.com,info@bytestechnolab.com,"
7600070903 "
GRT," $5,000+ ",None,$25 - $49,"""10 - 49""","Ivano-Frankivsk,",None,https://clutch.co/profile/grt,http://grt-team.com/,sales@grt-team.com,"
 "
Ranosys Technologies," $5,000+ ",None,$25 - $49,"""50 - 249""","Singapore,",None,https://clutch.co/profile/ranosys-technologies,https://www.ranosys.com,sales@ranosys.com,"
+65 6702 2132 "
Pixel Perfect HTML," $1,000+ ",None,< $25,"""50 - 249""",None,None,https://clutch.co/profile/pixel-perfect-html,https://pixelperfecthtml.com/,info@pixelperfecthtml.com,"
 "
DKS System," $5,000+ ",None,$100 - $149,"""10 - 49""","Golden Valley,",MN,https://clutch.co/profile/dks-system,http://www.dkssystems.com/,sales@DKSSystems.com,"
 "
Agiliway," $10,000+ ",None,$25 - $49,"""50 - 249""","Lviv,",None,https://clutch.co/profile/agiliway,https://agiliway.com,info@agiliway.com,"
+38 093-252-2153 "
Dynamisch IT," $5,000+ ",None,< $25,"""50 - 249""","Pune,",None,https://clutch.co/profile/dynamisch-it,http://www.DynamischIT.com/,contact@DynamischIT.com,"
+91.20.6933.5533 "
Harbour, Undisclosed,None,< $25,"""50 - 249""","Ahmedabad,",None,https://clutch.co/profile/harbour,http://www.harbourco.com,info@harbourco.com,"
 "
Kainspire," $1,000+ ",None,< $25,"""10 - 49""","Ghazibad,",None,https://clutch.co/profile/kainspire,http://www.kainspiresw.com,sales@kainspiresw.com,"
9643160086 "
The Future Forward Inc.," $10,000+ ",None,$150 - $199,"""2 - 9""","Brooklyn,",NY,https://clutch.co/profile/future-forward,https://thefutureforward.com/,hello@thefutureforward.com,"
347.946.2685 "
Jack Enterprises Ltd," $10,000+ ",None,$100 - $149,"""10 - 49""","Solihull,",None,https://clutch.co/profile/jack-enterprises,https://www.jack-enterprises.com,enquiry@jack-enterprises.com,"
03302233891 "
QPlay Tech , Undisclosed,None,$25 - $49,"""10 - 49""","Kochi,",None,https://clutch.co/profile/qplay-tech,http://www.qplaytech.com,nithin@qplaytech.com,"
 "
Henceforth Software Technologies Pvt Ltd, Undisclosed,None,< $25,"""10 - 49""","Hyderabad,",None,https://clutch.co/profile/henceforth-software-technologies,http://www.henceforthtek.com/index.php,info@henceforthtek.com,"
8121045490 "
MCM Web Solutions, Undisclosed,None,$50 - $99,"""Freelancer""","Clarksville,",TN,https://clutch.co/profile/mcm-web-solutions,http://www.mcmwebsite.com,,"
931.896.1313 "
Veblogy Innovative Technology Pvt. Ltd.," $1,000+ ",None,$25 - $49,"""10 - 49""","Pune,",None,https://clutch.co/profile/veblogy-innovative-technology,http://www.veblogy.com,contact@veblogy.com,"
9922066136 "
Steve Perry Creative," $10,000+ ",None,$150 - $199,"""Freelancer""","Staffordshire,",None,https://clutch.co/profile/steve-perry-creative,http://www.steveperrycreative.com,ideas@steveperrycreative.com,"
+44.178.295.4282 "
Elatebrain Solution," $1,000+ ",None,< $25,"""10 - 49""","Ahmedabad,",None,https://clutch.co/profile/elatebrain-solution,http://www.elatebrain.com/,sales@elatebrain.com,"
9998890660 "
Smashing Infotech, Undisclosed,None,< $25,"""10 - 49""","Indore,",None,https://clutch.co/profile/smashing-infotech,http://www.smashinginfotech.com,hello@smashinginfotech.com,"
0731-4968725 "
Infotura Technologies Pvt Ltd, Undisclosed,None,None,"""10 - 49""","kochi,",None,https://clutch.co/profile/infotura-technologies,http://www.infoturatech.com,mail@infoturatech.com,"
+ 91.484.4034194 "
YSBM Group," $10,000+ ",None,$25 - $49,"""10 - 49""","Cracow,",None,https://clutch.co/profile/ysbm-group,http://y-sbm.com,development@y-sbm.com,"
+48505012322 "
Nekwall," $1,000+ ",None,$25 - $49,"""10 - 49""","Kharkov,",None,https://clutch.co/profile/nekwall,http://nekwall.com,vlad@nekwall.com,"
+38.099.669.11.66 "
LabTop Digital," $5,000+ ",None,$25 - $49,"""10 - 49""","Kyiv,",None,https://clutch.co/profile/labtop-digital,http://labtop.digital/,a.dyshkant@labtop.digital,"
+380503888911 "
Affity Solutions Pvt. Ltd," $50,000+ ",None,$25 - $49,"""10 - 49""",None,None,https://clutch.co/profile/affity-solutions,http://www.affitysolutions.com,projects@affitysolutions.com,"
 "
Verde Media," $1,000+ ",None,$100 - $149,"""2 - 9""","Ferndale,",MI,https://clutch.co/profile/verde-media,http://verdemedia.com,hello@verdemedia.com,"
586-806-6693 "
Zen Den Web Design," $5,000+ ",None,$100 - $149,"""2 - 9""","San Francisco,",CA,https://clutch.co/profile/zen-den-web-design,https://zendenwebdesign.com/,info@zendenwebdesign.com,"
415.938.6722 "
CKO Digital," $5,000+ ",None,$100 - $149,"""2 - 9""","Houston,",TX,https://clutch.co/profile/cko-digital,http://www.ckodesigns.com,contact@ckodesigns.com,"
832.930.1256 "
Digital Orange," $5,000+ ",None,$25 - $49,"""2 - 9""","Skopje,",None,https://clutch.co/profile/digital-orange,http://www.digital-orange.com,do@digital-orange.com,"
+38971822708 "
Data EximIT," $1,000+ ",None,< $25,"""50 - 249""","Ahmedabad,",None,https://clutch.co/profile/data-eximit,http://www.dataeximit.com/,sales@dataeximit.com,"
9725044067 "
Eastmont Digital," $5,000+ ",None,$100 - $149,"""2 - 9""","Atlanta,",GA,https://clutch.co/profile/eastmont-digital,https://eastmontdigital.com/,info@eastmontgroup.com,"
+1.404.937.6554 "
RG Pacific," $1,000+ ",None,$25 - $49,"""2 - 9""","Montebello,",CA,https://clutch.co/profile/rg-pacific,https://www.rgpacific.com/,info@rgpacific.com,"
323.798.7446 "
Storm Creatives, Undisclosed,None,$25 - $49,"""Freelancer""",None,None,https://clutch.co/profile/storm-creatives,http://www.stormcreatives.com,victor@stormcreatives.com,"
 "
CWS Technology Inc., Undisclosed,None,< $25,"""50 - 249""",None,None,https://clutch.co/profile/cws-technology,http://www.cwstechnology.com/,sales@cwstechnology.com,"
 "
TechRista Systems Pvt. Ltd., Undisclosed,None,< $25,"""10 - 49""","Trivandrum,",None,https://clutch.co/profile/techrista-systems,http://www.techrista.com,sales@techrista.com,"
0471 4010410 "
Kodix," $10,000+ ",None,$50 - $99,"""10 - 49""","Albuquerque,",NM,https://clutch.co/profile/kodix,https://kodix.studio,ux@kodix.studio,"
+17609337477 "
Hire Ukraine," $5,000+ ",None,$25 - $49,"""2 - 9""","Kharkiv,",None,https://clutch.co/profile/hire-ukraine,http://hireukraine.me,dm@hireukraine.com,"
 "
Invental Solutions," $10,000+ ",None,$25 - $49,"""2 - 9""","Novi Sad,",None,https://clutch.co/profile/invental-solutions,http://www.inventals.com,office@inventals.com,"
+381 64 2742091 "
Smarther ," $1,000+ ",None,< $25,"""10 - 49""","Chennai,",None,https://clutch.co/profile/smarther,http://www.smarther.co,kumar@smarther.co,"
919003162488 "
JST Technologies Pvt. Ltd. ," $5,000+ ",None,< $25,"""10 - 49""","Mohali,",None,https://clutch.co/profile/jst-technologies,http://www.jst-technologies.com,info@jst-technologies.com,"
0172-4004535, 919023708343 "
BlazeDream," $1,000+ ",None,< $25,"""50 - 249""","Chennai,",None,https://clutch.co/profile/blazedream,http://www.blazedream.com,ashokkumar@blazedream.com,"
+ 91 44-4350 8118 "
Kaprat Consultancy Services, Undisclosed,None,< $25,"""10 - 49""","Rajkot,",None,https://clutch.co/profile/kaprat-consultancy-services,http://www.kaprat.com,contact@kaprat.com,"
722.882.4949 "
Dixinfotech," $1,000+ ",None,< $25,"""Freelancer""","Faridabad,",None,https://clutch.co/profile/dixinfotech,http://www.dixinfotech.com,info@dixinfotech.com,"
9717106162 "
Vortex," $1,000+ ",None,$25 - $49,"""50 - 249""","Lucknow,",None,https://clutch.co/profile/vortex,http://www.VortexGlobalServices.com,contact@vortexglobalservices.com,"
+91 522 4102099 "
Spiegel Design Group," $5,000+ ",None,$50 - $99,"""2 - 9""","Los Angeles,",CA,https://clutch.co/profile/spiegel-design-group,https://www.sdg.la/,hello@sdg.la,"
310.209.8533 "
Laser Focused Solutions," $10,000+ ",None,$25 - $49,"""10 - 49""","Lviv,",None,https://clutch.co/profile/laser-focused-solutions,http://laserfocused.solutions/,contact@laserfocused.solutions,"
 "
Trantor Inc.," $10,000+ ",None,$25 - $49,"""250 - 999""","Menlo Park,",CA,https://clutch.co/profile/trantor,http://trantorinc.com/,sales@trantorinc.com,"
+1 (650) 646 7818 "
Designing Camp," $1,000+ ",None,$25 - $49,"""10 - 49""","Clayton South,",None,https://clutch.co/profile/designing-camp%E2%80%8A,http://www.designingcamp.com/,info@designingcamp.com,"
 "
HP Software Technology Pvt. Ltd.," $1,000+ ",None,< $25,"""10 - 49""","Sukhlia,",None,https://clutch.co/profile/hp-software-technology,http://hpsoftech.com/,info@hpsoftech.com,"
+91 731- 4042912 "
Metizsoft Solutions Pvt Ltd," $1,000+ ",None,< $25,"""50 - 249""","Ahmedabad,",None,https://clutch.co/profile/metizsoft-solutions,https://www.metizsoft.com/,sales@metizsoft.com,"
+1 (845) 418-5206 "
Ukrainian IT Laboratory," $1,000+ ",None,< $25,"""2 - 9""","Kharkiv,",None,https://clutch.co/profile/ukrainian-it-laboratory,http://uitlab.com,info@uitlab.com,"
+1 650 488 77 84 "
Northcloud," $10,000+ ",None,$50 - $99,"""10 - 49""","Toronto,",None,https://clutch.co/profile/northcloud,http://www.northcloud.com,success@northcloud.com,"
416-840-9793 "
Media Contour," $5,000+ ",None,$100 - $149,"""2 - 9""","Los Angeles,",CA,https://clutch.co/profile/media-contour,https://mediacontour.com/,,"
323.522.6004 "
Blank Page," $1,000+ ",None,$50 - $99,"""2 - 9""","Beersheba,",None,https://clutch.co/profile/blank-page,http://www.blankpage.co.il,contact@blankpagebiz.com,"
+972-774201170 "
eNoah iSolution Pty Ltd , Undisclosed,None,None,"""250 - 999""","Taramani,",None,https://clutch.co/profile/enoah-isolution-pty,http://www.enoahisolution.com,info@enoahisolution.com,"
91.44.3068.6930 "
Webcenter.pro," $5,000+ ",None,$25 - $49,"""10 - 49""","Saint-Petersburg,",None,https://clutch.co/profile/webcenterpro,https://webcenter.pro/,support@webcenter.pro,"
+78124243866 "
Stylemix, Undisclosed,None,$25 - $49,"""50 - 249""","Las Vegas,",NV,https://clutch.co/profile/stylemix,https://stylemix.net/,hello@stylemix.net,"
+17253330412 "
Nakitel, Undisclosed,None,$25 - $49,"""10 - 49""","Kiev,",None,https://clutch.co/profile/nakitel,https://nakitel.com/en/,roman.tsvirchak@nakitel.com,"
+380 443949944 "
Green Cube Solutions," $5,000+ ",None,< $25,"""10 - 49""","ahmedabad,",None,https://clutch.co/profile/green-cube-solutions,http://www.greencubes.co.in,info@greencubes.co.in,"
9974393731 "
SlicedBread Agency," $1,000+ ",None,$100 - $149,"""10 - 49""","Santa Monica,",CA,https://clutch.co/profile/slicedbread-agency,http://www.slicedbread.agency/,sales@slicedbread.agency,"
310-853-1500 "
Kabir Infotech, Undisclosed,None,None,"""10 - 49""","Ahmedabad,",None,https://clutch.co/profile/kabir-infotech,http://www.kabirinfotech.com/,info@kabirinfotech.com,"
91.81.28506789 "
VISIONS," $5,000+ ",None,$25 - $49,"""50 - 249""","Chandigarh,",None,https://clutch.co/profile/visions,https://www.visions.net.in,sales@visions.net.in,"
01724018666 "
Oakhurst Media," $5,000+ ",None,$100 - $149,"""2 - 9""","San Francisco,",None,https://clutch.co/profile/oakhurst-media,http://omediasf.com/,info@oakhurstmedia.com,"
+1.415.373.0190 "
Kosmos Central," $10,000+ ",None,$100 - $149,"""2 - 9""","Portland,",OR,https://clutch.co/profile/kosmos-central,http://www.kosmoscentral.com/,marketing@kosmoscentral.com,"
888.256.7667 "
Make IT Online," $5,000+ ",None,$50 - $99,"""10 - 49""","Budapest,",None,https://clutch.co/profile/make-it-online,http://makeitonline.hu,hello@makeitonline.hu,"
+36203680574 "
Every Angle Media," $5,000+ ",None,$100 - $149,"""10 - 49""","Hermosa Beach,",CA,https://clutch.co/profile/every-angle-media,http://everyanglemedia.com/,info@everyanglemedia.com,"
310.798.7228 "
Gulo," $5,000+ ",None,$100 - $149,"""10 - 49""","Chicago,",IL,https://clutch.co/profile/gulo,https://www.gulosolutions.com/,info@gulosolutions.com,"
773.276.8066 "
Kooky Coder," $5,000+ ",None,< $25,"""10 - 49""","Ahmedabad,",None,https://clutch.co/profile/kooky-coder,http://kookycoder.com/,info@kookycoder.com,"
+91.909.901.8020 "
WebTrackStudio," $1,000+ ",None,$25 - $49,"""2 - 9""","Jaipur,",None,https://clutch.co/profile/webtrackstudio,https://www.webtrackstudio.com/,info@webtrackstudio.com,"
+919871663342 "
Cavallo Agency," $1,000+ ",None,$50 - $99,"""2 - 9""","Green Lane,",PA,https://clutch.co/profile/cavallo-agency,https://www.cavalloagency.com,info@cavalloagency.com,"
215.669.4619 "
CODESTUDIO," $1,000+ ",None,$100 - $149,"""10 - 49""","Sydney,",None,https://clutch.co/profile/codestudio,https://codestudio.com.au/,contact@codestudio.com.au,"
(02) 8002 1915 "
Rabitech Technologies Pvt Ltd," $1,000+ ",None,< $25,"""10 - 49""","Kochi,",None,https://clutch.co/profile/rabitech-technologies,http://www.rabitech.co/,info@rabitech.co,"
04846565665 "
Codedesign.org," $5,000+ ",None,$25 - $49,"""10 - 49""",None,None,https://clutch.co/profile/codedesignorg,https://www.codedesign.org,contact@codedesign.org,"
 "
The App Ideas | Web & Mobile Application Development Company," $1,000+ ",None,< $25,"""10 - 49""","Ahmedabad,",None,https://clutch.co/profile/app-ideas-web-mobile-application-development-company,http://theappideas.com/,contact@theappideas.com,"
+91 8866564279 "
A2ZFame," $1,000+ ",None,$25 - $49,"""2 - 9""","Jaipur,",None,https://clutch.co/profile/a2zfame,http://a2zfame.com,atwozfame@gmail.com,"
91-9928527669  "
Plenty of Pixels," $5,000+ ",None,$100 - $149,"""2 - 9""","Pasadena,",CA,https://clutch.co/profile/plenty-pixels,https://plentyofpixels.com/,,"
+1.818.949.8275 "
Synergy Way, Undisclosed,None,$25 - $49,"""10 - 49""","Lviv,",None,https://clutch.co/profile/synergy-way,https://synergy-way.com/,info@synergy-way.com,"
+380.67.395.0300 "
Adapt agency," $5,000+ ",None,$100 - $149,"""50 - 249""","Boston,",MA,https://clutch.co/profile/adapt-agency,https://adaptagency.com/,jesper@adaptagency.com,"
+1 617 483 2961 "
Vex Solutions," $1,000+ ",None,$25 - $49,"""50 - 249""","Lima,",None,https://clutch.co/profile/vex-solutions,http://www.vexsolutions.com,info@vexsolutions.com,"
51 970771094 "
SEO Direct," $5,000+ ",None,$100 - $149,"""2 - 9""","Los Angeles,",CA,https://clutch.co/profile/seo-direct,http://www.seodirect.org/,info@seodirect.org,"
424.259.1791 "
ShinnedHawks Technologies," $1,000+ ",None,< $25,"""2 - 9""","Chennai,",None,https://clutch.co/profile/shinnedhawks-technologies,http://www.shinnedhawks.com,sales@shinnedhawks.com,"
 "
Evoque Innovative lab ," $1,000+ ",None,< $25,"""2 - 9""","Bangalore,",None,https://clutch.co/profile/evoque-innovative-lab,http://www.evoqueinnovativelab.com,connect@evoqueinnovativelab.com,"
+91 9535696502 "
Girishas IT Solutions LLP, Undisclosed,None,< $25,"""10 - 49""","Jaipur,",None,https://clutch.co/profile/girishas-it-solutions-llp,http://www.gisllp.com,info@gisllp.com,"
0141-2722837 "
Sara Analytics," $1,000+ ",None,$25 - $49,"""50 - 249""","Jaipur ,",None,https://clutch.co/profile/sara-analytics,http://saraanalytics.com/,info@saraanalytics.com,"
(+91) 982 912 2908 "
Stoute Web Solutions," $5,000+ ",None,$100 - $149,"""Freelancer""","Portland,",OR,https://clutch.co/profile/stoute-web-solutions,http://stoutewebsolutions.com,sales@stoutewebsolutions.com,"
8554070191 "
Abservetech Private Limited," $1,000+ ",None,< $25,"""10 - 49""","Madurai,",None,https://clutch.co/profile/abservetech-private,https://www.abservetech.com/,sales@abservetech.com,"
(0452) 426-6678 "
Riverrun Digital," $1,000+ ",None,< $25,"""2 - 9""","Guwahati,",None,https://clutch.co/profile/riverrun-digital,http://riverrundigital.com,info@riverrundigital.com,"
9613406082 "
CamelHQ," $25,000+ ",None,$100 - $149,"""2 - 9""","Los Angeles,",CA,https://clutch.co/profile/camelhq,http://camelhq.com,bd@camelhq.com,"
 "
Appoly Ltd," $10,000+ ",None,$100 - $149,"""2 - 9""","Leamington Spa,",None,https://clutch.co/profile/appoly,https://www.appoly.co.uk,hello@appoly.co.uk,"
01926 520052 "
VirtualX Softwares, Undisclosed,None,None,"""10 - 49""","SIVAKASI,",None,https://clutch.co/profile/virtualx-softwares,https://virtualxsoftwares.com,info@virtualxsoftwares.com,"
8300024411 "
Webilation LLC, Undisclosed,None,None,"""10 - 49""","Feasterville,",PA,https://clutch.co/profile/webilation,https://webilation.com/,sales@webilation.com,"
+001 941 7513550 "
Don Web Solutions," $5,000+ ",None,$100 - $149,"""2 - 9""","San Francisco,",None,https://clutch.co/profile/don-web-solutions,https://www.donwebsolutions.com/,contact@donwebsolutions.com,"
+1.510.314.3172 "
CodeNinja," $1,000+ ",None,< $25,"""10 - 49""","Lahore,",None,https://clutch.co/profile/codeninja,https://codeninja.pk,hello@codeninja.pk,"
 "
Stark Digital Media Services Pvt. Ltd.," $1,000+ ",None,$25 - $49,"""50 - 249""","Pune,",None,https://clutch.co/profile/stark-digital-media-services,https://www.starkdigital.net/,sales@starkdigital.net,"
+91.7757063001 "
NetFillip Technologies, Undisclosed,None,None,"""10 - 49""","Ahmedabad,",None,https://clutch.co/profile/netfillip-technologies,http://www.netfillip.com/,info@netfillip.com,"
917940053234 "
Sailor Info Tech Limited," $1,000+ ",None,$25 - $49,"""10 - 49""",None,None,https://clutch.co/profile/sailor-info-tech,http://www.sailorinfotech.com,info@sailorinfotech.com,"
+8801913486249 "
kavinssoft Solutions, Undisclosed,None,None,"""50 - 249""","coimbatore,",None,https://clutch.co/profile/kavinssoft-solutions,http://www.kavinssoft.com/,,"
+914224393434 "
Kodesoft Technologies," $10,000+ ",None,< $25,"""10 - 49""","Pune,",None,https://clutch.co/profile/kodesoft-technologies,http://www.kodesoft.in,ksundaram@kodesoft.in,"
8857052050 "
YUHIRO Technologies," $5,000+ ",None,< $25,"""10 - 49""","Kuriachira,",None,https://clutch.co/profile/yuhiro-technologies,http://www.software-developer-india.com/,info@yuhiro.de,"
+91 (0) 984 686 1166 "
MADITbox, Undisclosed,None,< $25,"""10 - 49""","Bangalore,",None,https://clutch.co/profile/maditbox,http://www.maditbox.com/,info@maditbox.com,"
91.90.6623.8568 "
TechInfini Solutions Pvt. Ltd.," $5,000+ ",None,$25 - $49,"""50 - 249""","Indore,",None,https://clutch.co/profile/techinfini-solutions,https://techinfini.in,info@techinfini.com,"
+91 731 4090357 "
QA InfoTech," $5,000+ ",None,< $25,"""1,000 - 9,999""","Noida,",None,https://clutch.co/profile/qa-infotech,http://qainfotech.com/,sanjayk@qainfotech.com,"
+91-9560000079 "
Artistic Digital," $5,000+ ",None,$100 - $149,"""2 - 9""","Evanston,",IL,https://clutch.co/profile/artistic-digital,https://www.artisticdigital.com/,contact@artisticdigital.com,"
847.425.9907 "
I Concept Innovation Pte Ltd, Undisclosed,None,$25 - $49,"""2 - 9""","Raffles Place,",None,https://clutch.co/profile/i-concept-innovation-pte,http://www.i-concept.com.sg,info@i-concept.com.sg,"
+65 65059564 "
Polygant," $10,000+ ",None,$25 - $49,"""10 - 49""","Moscow,",None,https://clutch.co/profile/polygant,http://polygant.net/,project@polygant.net,"
 "
Satvos Projektai," $1,000+ ",None,< $25,"""2 - 9""","Klaipda,",None,https://clutch.co/profile/satvos-projektai,http://www.satvosprojektai.lt/home.html,info@satvosprojektai.lt,"
+370 612 09053 "
AppMe Solutions," $5,000+  ",None,$100 - $149,"""50 - 249""","Chicago,",IL,https://clutch.co/profile/appme-solutions,https://www.appmesolutions.com/,info@appmesolutions.com,"
855.949.7767 "
CGColors," $5,000+ ",None,$100 - $149,"""10 - 49""","New York,",NY,https://clutch.co/profile/cgcolors,http://www.cgcolors.com/,hi@cgcolors.com,"
347.732.2736 "
BrainX Technologies," $5,000+ ",None,$25 - $49,"""10 - 49""","Lahore,",None,https://clutch.co/profile/brainx-technologies,http://www.brainxtech.com,services@brainxtech.com,"
+923334686651 "
Hi-Tech Paradigm Solutions Inc.," $5,000+ ",None,$25 - $49,"""10 - 49""","WInnipeg,",None,https://clutch.co/profile/hi-tech-paradigm-solutions,https://www.hitechparadigm.com/,contact@hitechparadigm.com,"
+1.204.805.4499 "
SovTech," $10,000+ ",None,$25 - $49,"""10 - 49""","Johannesburg,",None,https://clutch.co/profile/sovtech,https://sov.tech,info@sovtech.co.za,"
087.235.1774 "
MegronTech," $1,000+ ",None,$150 - $199,"""10 - 49""","Swindon,",None,https://clutch.co/profile/megrontech,http://www.megrontech.co.uk,sreenivas.midatala@megrontech.co.uk,"
+44 (0) 1793686197 "
Ideamagix," $1,000+ ",None,< $25,"""10 - 49""","Thane Mumbai,",None,https://clutch.co/profile/ideamagix,https://www.ideamagix.com/,contact@ideamagix.com,"
8976000126 "
misijaweb," $1,000+ ",None,$25 - $49,"""10 - 49""","Sarajevo,",None,https://clutch.co/profile/misijaweb,http://www.misijaweb.com,info@misijaweb.com,"
+38733468888 "
AB Web Technologies," $5,000+ ",None,< $25,"""2 - 9""","Noida,",None,https://clutch.co/profile/ab-web-technologies,https://abwebtechnologies.com/,office@abwebtechnologies.com,"
9773812571 "
Xakli," $1,000+ ",None,$25 - $49,"""2 - 9""","Valencia,",None,https://clutch.co/profile/xakli,http://www.xakli.co,hello@xakli.co,"
+34 634 310 524 "
LiveWebMedia, Undisclosed,None,$50 - $99,"""10 - 49""","Woodland Hills,",CA,https://clutch.co/profile/livewebmedia,http://livewebmedia.com/,info@livewebmedia.com,"
855.548.3932 "
TeqStudio Services, Undisclosed,None,< $25,"""10 - 49""","Pune,",None,https://clutch.co/profile/teqstudio-services,http://teqstudio.com,info@teqstudio.com,"
020-6511-5085 "
PALSOFT India," $5,000+ ",None,$25 - $49,"""10 - 49""","Surat,",None,https://clutch.co/profile/palsoft-india,http://www.palsoft.co.in,info@palsoft.co.in,"
 "
Aglowid IT Solutions," $1,000+ ",None,< $25,"""10 - 49""","Ahmedabad,",None,https://clutch.co/profile/aglowid-it-solutions,https://aglowiditsolutions.com,sales@aglowiditsolutions.com,"
+91.90162.35370 "
Brandshark," $1,000+ ",None,$25 - $49,"""10 - 49""","Bengaluru,",None,https://clutch.co/profile/brandshark,https://www.brandshark.in,design@brandshark.in,"
+91-9007976681 "
C-Fusion Multimedia," $5,000+ ",None,$100 - $149,"""Freelancer""","Chicago,",IL,https://clutch.co/profile/c-fusion-multimedia,https://www.cfusionmultimedia.com/,info@cfusionmultimedia.com,"
773.669.4650 "
Duck and Cover," $5,000+ ",None,$100 - $149,"""2 - 9""","San Pedro,",CA,https://clutch.co/profile/duck-cover,http://timetoduckandcover.com/,info@timetoduckandcover.com,"
 "
Huxley Digital, Undisclosed,None,$50 - $99,"""2 - 9""","Shoreham-By-Sea,",None,https://clutch.co/profile/huxley-digital,http://www.huxleydigital.co.uk,hello@huxleydigital.co.uk,"
01273.468610 "
Idea Rebel," $5,000+ ",None,$100 - $149,"""10 - 49""","Vancouver,",None,https://clutch.co/profile/idea-rebel,http://www.idearebel.com,newbusiness@idearebel.com,"
604 569 2155 "
WEB&APP," $1,000+ ",None,$50 - $99,"""10 - 49""","Waunakee,",WI,https://clutch.co/profile/webapp,http://webandapp.io/,workshop@webandapp.io,"
 "
Deluxcode," $1,000+ ",None,$25 - $49,"""10 - 49""","kharkiv,",None,https://clutch.co/profile/deluxcode,http://www.deluxcode.com/,hello@deluxcode.com,"
+380660024742 "
Motta Industries LLC," $5,000+ ",None,$100 - $149,"""Freelancer""","San Leandro ,",None,https://clutch.co/profile/motta-industries,https://www.mottaindustries.com/,,"
+1.925.297.5393 "
Faba Technology," $1,000+ ",None,< $25,"""2 - 9""","Ho Chi Minh City,",None,https://clutch.co/profile/faba-technology,https://fabatechnology.com,contact@fabatechnology.com,"
 "
Diffusion Digital," $10,000+ ",None,$50 - $99,"""2 - 9""","London,",None,https://clutch.co/profile/diffusion-digital,https://diffusion.digital,info@diffusion.digital,"
+447890380961 "
