Organization_name,Min. Project,Rating,Hourly_rate,Total_Employees,Locality,Region,Profile,Website,Mail,Phone
openGeeksLab," $10,000+ ",4.3,$50 - $99,10 - 49,"Zaporizhzhya,",None,https://clutch.co/profile/opengeekslab,http://opengeekslab.com,manager@opengeekslab.com,"
+380633621804 "
"Raizlabs, a Rightpoint company"," $50,000+ ",4.8,$150 - $199,250 - 999,"Boston,",MA,https://clutch.co/profile/raizlabs-rightpoint-company,http://www.raizlabs.com,hello@raizlabs.com,"
617.383.9007 "
hedgehog lab," $50,000+ ",4.7,$100 - $149,"""50 - 249""","London,",None,https://clutch.co/profile/hedgehog-lab,http://hedgehoglab.com,info@hedgehoglab.com,"
0808 164 3883 "
Fueled," $75,000+ ",4.8,$150 - $199,"""50 - 249""","New York,",NY,https://clutch.co/profile/fueled,http://www.fueled.com/?utm_source=clutch&utm_medium=social&utm_campaign=fueledclutch,hello@fueled.com,"
+1-212-763-7726 "
ELEKS," $50,000+ ",4.8,$25 - $49,"""1,000 - 9,999""","Lviv,",None,https://clutch.co/profile/eleks,https://eleks.com?utm_source=clutch.co&utm_medium=referral&utm_campaign=Clutch-app-developers,hello@eleks.com,"
+1 (702) 978-7116 "
AndPlus," $50,000+ ",4.9,$150 - $199,"""10 - 49""","Southborough,",MA,https://clutch.co/profile/andplus,https://hubs.ly/H08vCTL0,info@andplus.com,"
508.425.7533 "
Ramotion," $25,000+ ",4.9,$150 - $199,"""10 - 49""","San Francisco,",CA,https://clutch.co/profile/ramotion,https://www.ramotion.com/clutch,alex.a@ramotion.com,"
 "
Apadmi," $10,000+ ",4.8,$100 - $149,"""50 - 249""","Manchester ,",None,https://clutch.co/profile/apadmi,https://www.apadmi.com/,info@apadmi.com,"
+44 161 850 1300 "
Robosoft Technologies," $50,000+ ",4.8,$50 - $99,250 - 999,"San Francisco,",CA,https://clutch.co/profile/robosoft-technologies,https://www.robosoftin.com,services@robosoftin.com,"
(408) 460-1555 "
CitrusBits," $25,000+  ",5,$100 - $149,"""10 - 49""","Los Angeles,",CA,https://clutch.co/profile/citrusbits,https://citrusbits.com/?utm_source=Clutch&utm_medium=profile&utm_campaign=clutch-weblink,sales.clutch@citrusbits.com,"
925-452-6012 "
Magora," $10,000+ ",4.8,$50 - $99,"""50 - 249""","London,",None,https://clutch.co/profile/magora,https://www.magora-systems.com/,info@magora.co.uk,"
+44 20 7183 5820 "
ChopDawg.com," $25,000+ ",4.9,$100 - $149,"""10 - 49""","Philadelphia,",PA,https://clutch.co/profile/chopdawgcom,http://www.ChopDawg.com,Hello@ChopDawg.com,"
(800) 490-1476 "
Droids On Roids," $25,000+ ",4.8,$50 - $99,"""50 - 249""","Wroclaw,",None,https://clutch.co/profile/droids-roids,https://thedroidsonroids.com,hello@thedroidsonroids.com,"
 "
Impekable," $25,000+ ",4.9,$150 - $199,"""10 - 49""","San Francisco,",CA,https://clutch.co/profile/impekable,http://www.impekable.com,sales@impekable.com,"
650-733-6006 "
Atomic Object, Undisclosed,4.9,None,"""50 - 249""","Grand Rapids,",MI,https://clutch.co/profile/atomic-object,https://atomicobject.com/services/mobile-app-development,contact@atomicobject.com,"
616.776.6020 "
Sidebench," $25,000+ ",4.9,$150 - $199,"""10 - 49""","Culver City,",CA,https://clutch.co/profile/sidebench,http://sidebench.com,hello@sidebench.com,"
310.893.3589 "
Y Media Labs," $50,000+ ",4.7,$150 - $199,250 - 999,"Redwood City,",CA,https://clutch.co/profile/y-media-labs,http://www.ymedialabs.com,contact@ymedialabs.com,"
415.839.8584 "
Red Foundry," $25,000+ ",4.8,$150 - $199,"""10 - 49""","Chicago,",IL,https://clutch.co/profile/red-foundry,http://www.redfoundry.com/,sales@redfoundry.com,"
888.406.1099 "
"DMI (Digital Management, Inc.)"," $25,000+ ",4.7,$100 - $149,"""1,000 - 9,999""","Bethesda,",MD,https://clutch.co/profile/dmi-digital-management,http://DMInc.com,sales@dminc.com,"
240.223.4800 "
Majestyk ," $25,000+ ",4.9,$100 - $149,"""10 - 49""","New York,",NY,https://clutch.co/profile/majestyk,http://majestykapps.com/,info@majestykapps.com,"
(646) 694-2616 "
The BHW Group," $25,000+ ",5,$50 - $99,"""10 - 49""","Austin,",TX,https://clutch.co/profile/bhw-group,https://thebhwgroup.com,bhwinfo@thebhwgroup.com,"
512.220.0035 "
Rocket Insights," $50,000+ ",4.9,$150 - $199,"""10 - 49""","Newburyport ,",MA,https://clutch.co/profile/rocket-insights,http://www.rocketinsights.com/,aloha@rocketinsights.com,"
(925) 854-1970 "
Yalantis," $25,000+ ",4.7,$25 - $49,"""50 - 249""","Dnipro,",None,https://clutch.co/profile/yalantis,https://yalantis.com/,hello@yalantis.com,"
 "
Iflexion," $10,000+ ",4.8,$25 - $49,"""50 - 249""","Austin,",TX,https://clutch.co/profile/iflexion,https://www.iflexion.com/,contact@iflexion.com,"
512.501.3621 "
Mercury Development ," $10,000+ ",5,$50 - $99,"""50 - 249""","Miami,",FL,https://clutch.co/profile/mercury-development,http://www.mercdev.com/,michael@mercurydevelopment.com,"
917.470.1404 "
Two Tall Totems ," $50,000+ ",5,$100 - $149,"""10 - 49""","Vancouver,",None,https://clutch.co/profile/two-tall-totems,https://www.twotalltotems.com,sales@twotalltotems.com,"
888.315.4476 "
Eight Bit Studios," $25,000+ ",4.9,$150 - $199,"""10 - 49""","Chicago,",IL,https://clutch.co/profile/eight-bit-studios,http://eightbitstudios.com,info@eightbitstudios.com,"
312.281.8823 "
Netguru," $10,000+ ",4.8,$50 - $99,250 - 999,"Poznan,",None,https://clutch.co/profile/netguru,https://www.netguru.co/,clutch@netguru.co,"
+44 2038 713 389 "
Five ," $10,000+ ",4.8,$100 - $149,"""50 - 249""","New York,",NY,https://clutch.co/profile/five,https://goo.gl/E5TlXq,info@five.agency,"
(475) 222-3202 "
INLOOPX," $5,000+ ",5,$100 - $149,"""50 - 249""","Sunnyvale,",CA,https://clutch.co/profile/inloopx,https://www.inloopx.com,projects@inloopx.com,"
 "
ISBX," $10,000+ ",5,$50 - $99,"""10 - 49""","Los Angeles,",CA,https://clutch.co/profile/isbx,http://www.isbx.com/,info@isbx.com,"
310.437.8010 "
Shakuro," $10,000+ ",4.9,$25 - $49,"""10 - 49""","Newark,",DE,https://clutch.co/profile/shakuro,https://shakuro.com,hello@shakuro.com,"
+1 646 712 9918  "
Utility," $50,000+ ",4.9,$150 - $199,"""10 - 49""","New York,",NY,https://clutch.co/profile/utility,http://utilitynyc.com,team@utilitynyc.com,"
(212) 328-1167 "
nomtek," $10,000+ ",4.8,$50 - $99,"""50 - 249""","Wroclaw,",None,https://clutch.co/profile/nomtek,https://www.nomtek.com/?utm_source=Clutch&utm_medium=referral&utm_campaign=Clutch%20Global,hello@nomtek.com,"
+48 537 606 402 "
Innofied Solution ," $10,000+ ",5,$25 - $49,"""50 - 249""","Santa Clara,",CA,https://clutch.co/profile/innofied-solution,https://www.innofied.com,business@innofied.com,"
+1.866.941.5117 "
Octal IT Solution," $5,000+ ",4.8,$25 - $49,250 - 999,"Jaipur,",None,https://clutch.co/profile/octal-it-solution,https://www.octalsoftware.com/mobile-app-development?utm_source=clutch.co&utm_medium=paidlink&utm_campaign=clutchpro,enquiry@octalsoftware.com,"
91.14.1252.5810 "
e-Legion," $25,000+ ",4.6,$25 - $49,"""50 - 249""","St Petersburg,",None,https://clutch.co/profile/e-legion,http://www.e-legion.com/,sales@e-legion.com,"
7.812.324.2724 "
Reinvently," $25,000+ ",4.9,$50 - $99,"""10 - 49""","Palo Alto,",CA,https://clutch.co/profile/reinvently,http://reinvently.com/?utm_source=clutch&utm_medium=referral,hello@reinvently.com,"
877.951.2224 "
Mobisoft Infotech," $10,000+ ",4.9,$25 - $49,"""50 - 249""","Houston,",TX,https://clutch.co/profile/mobisoft-infotech,http://mobisoftinfotech.com/,info@mobisoftinfotech.com,"
855.572.2777 "
Exadel," $100,000+ ",4.9,$25 - $49,250 - 999,"Walnut Creek,",CA,https://clutch.co/profile/exadel,https://www.exadel.com/,info@exadel.com,"
1866-297-3860 "
Space-O Technologies," $10,000+ ",4.9,$25 - $49,"""50 - 249""","Ahmedabad,",None,https://clutch.co/profile/space-o-technologies,http://spaceotechnologies.com,sales@spaceotechnologies.com,"
+91 960 143 3998 "
TechAhead," $10,000+ ",4.6,$25 - $49,"""50 - 249""","Agoura Hills, Los Angeles,",CA,https://clutch.co/profile/techahead,http://www.techaheadcorp.com/,sales@techaheadcorp.com,"
+1 818-318-0727 "
Techugo ," $5,000+ ",4.8,< $25,"""50 - 249""","Noida,",None,https://clutch.co/profile/techugo,http://www.techugo.com/,sales@techugo.com,"
+91 7042209821 "
Swenson He," $25,000+ ",5,$150 - $199,"""10 - 49""","Marina del Rey,",CA,https://clutch.co/profile/swenson-he,http://www.swensonhe.com,info@swensonhe.com,"
424.465.2525 "
STRV," $10,000+ ",4.8,$100 - $149,"""50 - 249""","San Francisco,",CA,https://clutch.co/profile/strv,http://www.strv.com,hello@strv.com,"
 "
Stfalcon," $25,000+ ",5,$25 - $49,"""10 - 49""","Kyiv,",None,https://clutch.co/profile/stfalcon,https://stfalcon.com/,info@stfalcon.com,"
+38 067 3344040 "
14 Oranges Software ," $10,000+ ",4.9,$100 - $149,"""10 - 49""","Richmond,",None,https://clutch.co/profile/14-oranges-software,http://www.14oranges.com,sales@14oranges.com,"
604.304.0020 "
Cleveroad," $10,000+ ",5,$25 - $49,"""50 - 249""","Dnipro,",None,https://clutch.co/profile/cleveroad,https://www.cleveroad.com/clutch-offer,sales@cleveroad.com,"
+380.66.489.6889 "
FreshWorks Studio," $50,000+ ",4.7,$50 - $99,"""10 - 49""","Victoria,",None,https://clutch.co/profile/freshworks-studio,http://www.freshworks.io/,clutch@freshworks.io,"
(250) 412-3470 "
Hidden Brains InfoTech," $10,000+ ",4.9,$25 - $49,250 - 999,"Ahmedabad,",None,https://clutch.co/profile/hidden-brains-infotech,http://www.hiddenbrains.com/mobile-app-development.html,biz@hiddenbrains.com,"
91.98.9802.1433 "
Mubaloo," $50,000+ ",4.6,$100 - $149,"""50 - 249""","London,",None,https://clutch.co/profile/mubaloo,http://mubaloo.com,info@mubaloo.com,"
+44 207 073 7007 "
Clearbridge Mobile," $25,000+ ",4.7,$150 - $199,"""10 - 49""","Toronto,",None,https://clutch.co/profile/clearbridge-mobile,https://clearbridgemobile.com/canadas-top-mobile-app-development-firm/,clutch@clearbridgemobile.com,"
647.361.8401 "
CrossComm," $25,000+ ",4.8,$150 - $199,"""10 - 49""","Durham,",NC,https://clutch.co/profile/crosscomm,http://www.crosscomm.net,hello@crosscomm.net,"
 "
Unified Infotech Inc," $10,000+ ",4.9,$25 - $49,"""50 - 249""","New York,",NY,https://clutch.co/profile/unified-infotech,https://www.unifiedinfotech.net,contacts@unifiedinfotfie.net,"
+18008209286 "
Atmosphere Apps," $25,000+ ",5,$100 - $149,"""10 - 49""","Gainesville,",FL,https://clutch.co/profile/atmosphere-apps,http://www.atmoapps.com,ktaylor@atmoapps.com,"
352.327.0178 "
Codal," $10,000+ ",4.9,$100 - $149,"""50 - 249""","Chicago,",IL,https://clutch.co/profile/codal,https://www.codal.com,go@codal.com,"
312-663-8142 "
3 SIDED CUBE," $50,000+ ",4.9,$100 - $149,"""10 - 49""","Bournemouth,",None,https://clutch.co/profile/3-sided-cube,https://3sidedcube.com/,holla@3sidedcube.com,"
44 (0)1202 611 612 "
itCraft," $10,000+ ",5,$25 - $49,"""10 - 49""","Warsaw,",None,https://clutch.co/profile/itcraft,https://itcraftapps.com,hello@itcraftapps.com,"
+48 608 630 848 "
Fuzz," $50,000+  ",4.8,$150 - $199,"""50 - 249""","Brooklyn,",NY,https://clutch.co/profile/fuzz,http://fuzzpro.com,hello@fuzzproductions.com,"
212.219.7696 "
Touch Instinct," $25,000+ ",4.9,$25 - $49,"""50 - 249""","St Petersburg,",None,https://clutch.co/profile/touch-instinct,http://touchinstinct.com/,hello+clutch@touchinstinct.com,"
+7.812.389.56.20 "
Stuzo," $10,000+ ",5,$100 - $149,"""50 - 249""","Philadelphia,",PA,https://clutch.co/profile/stuzo,http://www.stuzo.com,hello@stuzo.com,"
267.519.3669 "
Impiger Technologies," $25,000+ ",5,$25 - $49,250 - 999,"Richardson,",TX,https://clutch.co/profile/impiger-technologies,http://www.impigertech.com,sales@impigertech.com,"
972.346.8186 "
Xmartlabs," $5,000+ ",5,$50 - $99,"""10 - 49""","Montevideo,",None,https://clutch.co/profile/xmartlabs,https://xmartlabs.com/,getintouch@xmartlabs.com,"
+1 650 614 1829 "
ChromeInfo Technologies," $5,000+ ",4.9,< $25,"""50 - 249""","Noida,",None,https://clutch.co/profile/chromeinfo-technologies,https://www.chromeinfotech.net/case-study.html,sales@chromeinfotech.com,"
+91.783.800.9900 "
Ethervision," $25,000+ ",4.8,$150 - $199,"""10 - 49""","Chicago,",IL,https://clutch.co/profile/ethervision,http://ethervision.net,info@ethervision.net,"
312.870.0080 "
247 Labs Inc.," $5,000+ ",4.9,$50 - $99,"""10 - 49""","Toronto,",None,https://clutch.co/profile/247-labs,https://247labs.com,hello@247labs.com,"
877-247-7421 "
Table XI," $75,000+ ",4.9,$150 - $199,"""10 - 49""","Chicago,",IL,https://clutch.co/profile/table-xi,http://tablexi.com?utm_source=Clutch&utm_content=Profile&utm_medium=Button&utm_campaign=Directories,sales@tablexi.com,"
1.312.450.6320 "
Brightec," $25,000+ ",4.8,$100 - $149,"""10 - 49""","Brighton,",None,https://clutch.co/profile/brightec,http://www.brightec.co.uk,office@brightec.co.uk,"
+44 12 7362 5959 "
Myriad Mobile," $10,000+ ",4.9,$150 - $199,"""10 - 49""","Fargo,",ND,https://clutch.co/profile/myriad-mobile,http://www.myriadmobile.com,contact@myriadmobile.com,"
701.369.0633 "
Macadamian," $50,000+ ",4.6,$150 - $199,"""50 - 249""","Gatineau,",None,https://clutch.co/profile/macadamian,http://www.macadamian.com/,info@macadamian.com,"
877.779.6336 "
Digital Brand Group," $10,000+ ",5,$50 - $99,"""10 - 49""","Irvine,",CA,https://clutch.co/profile/digital-brand-group,http://digitalbrandgroup.com,sales@digitalbrandgroup.com,"
888.690.0060 "
Byteridge," $5,000+ ",5,< $25,"""10 - 49""","Hyderabad, Telangana,",None,https://clutch.co/profile/byteridge,http://byteridge.com/,clutch-enquiries@byteridge.com,"
040-6514-3961 "
Copper Mobile," $25,000+ ",5,$100 - $149,"""50 - 249""","Dallas,",TX,https://clutch.co/profile/copper-mobile,http://www.coppermobile.com/,sales@coppermobile.com,"
972.528.6628 "
Rantmedia," $25,000+  ",5,$50 - $99,"""10 - 49""","Cardiff,",None,https://clutch.co/profile/rantmedia,http://www.rantmedia.com,hello@rantmedia.com,"
+44 (0) 2920 399189 "
IDAP," $10,000+ ",4.9,$25 - $49,"""50 - 249""","Kyiv,",None,https://clutch.co/profile/idap,http://www.idapgroup.com/?utm_medium=clutch&utm_campaign=main-link&utm_source=aggregator,marketing@idapgroup.com,"
+38 095 0000 623 "
10Pearls, Undisclosed,4.9,None,250 - 999,"Vienna,",VA,https://clutch.co/profile/10pearls,http://www.10pearls.com,info@10pearls.com,"
(703) 935-1919 "
111 Minutes," $10,000+ ",4.9,$25 - $49,"""50 - 249""","Glasgow,",None,https://clutch.co/profile/111-minutes,http://www.111minutes.com,sales@111minutes.com,"
 "
The NineHertz," $5,000+ ",4.8,< $25,"""50 - 249""","Cincinnati,",OH,https://clutch.co/profile/ninehertz,https://theninehertz.com/?get-touch,sales@theninehertz.com,"
+1.315.381.4100 "
Digiryte," $10,000+ ",4.9,$25 - $49,"""50 - 249""","Manchester,",None,https://clutch.co/profile/digiryte,https://digiryte.com,hello@digiryte.com,"
0161 706 7983 "
ORA," $25,000+ ",5,$100 - $149,"""10 - 49""","Chicago,",IL,https://clutch.co/profile/ora,http://orainteractive.com/,hello@orainteractive.com,"
(312) 600-6023 "
The Distance App Developers," $25,000+ ",4.6,$100 - $149,"""10 - 49""","London,",None,https://clutch.co/profile/distance,https://thedistance.co.uk,hello+clutch@thedistance.co.uk,"
+44 1904 217171 "
Bixlabs," $10,000+ ",4.8,$50 - $99,"""10 - 49""","Montevideo,",None,https://clutch.co/profile/bixlabs,http://www.bixlabs.com,info@bixlabs.com,"
(598) 9922-6488 "
3Advance," $25,000+ ",5,$100 - $149,"""10 - 49""","Washington,",DC,https://clutch.co/profile/3advance,https://3advance.com/go/mobile,apps@3advance.com,"
202-709-3238 "
OpenXcell," $10,000+ ",4.8,< $25,"""50 - 249""","Ahmedabad,",None,https://clutch.co/profile/openxcell,https://www.openxcell.com,sales@openxcellinc.com,"
+1-888-777-4629 "
Heads and Hands," $25,000+ ",4.9,$50 - $99,"""50 - 249""","Saint-Petersburg,",None,https://clutch.co/profile/heads-hands,http://handh.ru/?lang=en,hello@handh.ru,"
+7 (812) 971-17-73 "
JatApp," $50,000+ ",5,$50 - $99,"""50 - 249""","Miami,",FL,https://clutch.co/profile/jatapp,http://jatapp.com/,support@jatapp.com,"
+1 415 9931 555 "
iteo," $10,000+ ",4.9,$50 - $99,"""50 - 249""","Katowice,",None,https://clutch.co/profile/iteo-mobile,https://iteo.com/,hello@iteo.com,"
+48 601 285 155 "
APPLIFY ," $10,000+ ",5,$25 - $49,"""10 - 49""","Chandigarh,",None,https://clutch.co/profile/applify,https://www.applify.co,contact@applify.co,"
+91 9888884880 "
Ratio," $50,000+ ",5,$150 - $199,"""50 - 249""","Seattle,",WA,https://clutch.co/profile/ratio,http://www.weareratio.com/,hello@weareratio.com,"
206.281.8240 "
BrainMobi," $10,000+ ",5,< $25,"""50 - 249""","Noida,",None,https://clutch.co/profile/brainmobi,https://www.brainmobi.com/,sales@brainmobi.com,"
+91 9643970717 "
Xtreem Solution," $5,000+ ",4.9,$25 - $49,"""50 - 249""","Jaipur,",None,https://clutch.co/profile/xtreem-solution,https://xtreemsolution.com/,info@xtreemsolution.com,"
+91-141-2331081 "
Appchance, Undisclosed,4.8,$50 - $99,"""10 - 49""","Poznan,",None,https://clutch.co/profile/appchance,http://www.appchance.com,contact@appchance.com,"
48.600.508.713 "
Distillery," $50,000+ ",5,$100 - $149,"""50 - 249""","Santa Monica,",CA,https://clutch.co/profile/distillery,https://distillery.com/,hello@distillery.com,"
310-776-6234 "
Novoda," $100,000+ ",4.8,$150 - $199,"""50 - 249""","London,",None,https://clutch.co/profile/novoda,https://www.novoda.com,info@novoda.com,"
+44 207 359 4709 "
iTechArt Group, Undisclosed,4.9,$25 - $49,"""1,000 - 9,999""","New York,",NY,https://clutch.co/profile/itechart-group,http://www.itechart.com,hello@itechart-group.com,"
718.374.5043 "
Worry Free Labs," $25,000+ ",4.9,$100 - $149,"""50 - 249""","New York,",NY,https://clutch.co/profile/worry-free-labs,http://worryfreelabs.com,hello@worryfreelabs.com,"
646.741.5006 "
InfoShell, Undisclosed,5,$25 - $49,"""10 - 49""","Saint-Petersburg,",None,https://clutch.co/profile/infoshell,http://infoshell.mobi/,info@infoshell.ru,"
+7(812)242-80-58 "
Big Nerd Ranch," $10,000+ ",5,$150 - $199,"""50 - 249""","Atlanta,",GA,https://clutch.co/profile/big-nerd-ranch,https://www.bignerdranch.com/,hello@bignerdranch.com,"
770.817.6373 "
Posse," $25,000+ ",4.9,$150 - $199,"""10 - 49""","New York,",NY,https://clutch.co/profile/posse,http://www.goposse.com,hello@goposse.com,"
646-801-6385 "
Waracle," $25,000+ ",4.5,$100 - $149,"""50 - 249""","Dundee,",None,https://clutch.co/profile/waracle,http://waracle.net/,d.romilly@waracle.com,"
+44 1382 529528 "
IndiaNIC Infotech Limited," $10,000+ ",5,< $25,250 - 999,"Beverly Hills,",CA,https://clutch.co/profile/indianic-infotech,https://www.indianic.com/?utm_campaign=Business-Directory&utm_source=Clutch,hello@indianic.com,"
+1 (408) 922 9083 "
Fayrix," $5,000+ ",4.9,< $25,"""1,000 - 9,999""","Pitu'akh,",None,https://clutch.co/profile/fayrix,http://www.fayrix.com/?utm_source=clutch,info@fayrix.com,"
+972 (9) 374-01-80 "
Polidea, Undisclosed,4.9,$50 - $99,"""50 - 249""","Warsaw,",None,https://clutch.co/profile/polidea,http://www.polidea.com,hello@polidea.com,"
+48 694 471 274 "
Atomic Robot," $25,000+ ",5,$100 - $149,"""10 - 49""","Mason,",OH,https://clutch.co/profile/atomic-robot,https://atomicrobot.io,hello@atomicrobot.io,"
1.855.597.6268 "
Savvy Apps," $50,000+ ",4.8,$150 - $199,"""10 - 49""","Reston,",VA,https://clutch.co/profile/savvy-apps,http://savvyapps.com/,clutch@savvyapps.com,"
866.531.7578 "
iD EAST, Undisclosed,4.9,$25 - $49,"""50 - 249""","Moscow ,",None,https://clutch.co/profile/id-east,http://id-east.ru/,welcome@id-east.ru,"
+7(495) 795-67-78 "
Postlight," $75,000+ ",5,$150 - $199,"""10 - 49""","New York City,",NY,https://clutch.co/profile/postlight,https://postlight.com/,hello@postlight.com,"
646.694.8530 "
Wildnet Technologies," $1,000+ ",4.8,< $25,"""50 - 249""","Noida,",None,https://clutch.co/profile/wildnet-technologies,https://www.wildnettechnologies.com/android-app-development.htm,clutch@wildnettechnologies.com,"
+1 212-901-8616 "
Better Software Group," $10,000+ ",5,$50 - $99,"""50 - 249""","Wroclaw,",None,https://clutch.co/profile/better-software-group,http://bsgroup.eu,clutch@bsgroup.eu,"
+48.601.050.325 "
Grio," $5,000+ ",5,$100 - $149,"""50 - 249""","San Francisco,",CA,https://clutch.co/profile/grio,https://grio.com/,info@grio.com,"
415.395.9525 "
Bottle Rocket ," $25,000+ ",4.8,$150 - $199,"""50 - 249""","Addison,",TX,https://clutch.co/profile/bottle-rocket,http://www.bottlerocketstudios.com,hello@bottlerocketstudios.com,"
214.310.1800 "
Arbisoft," $10,000+ ",4.9,$50 - $99,250 - 999,"Mckinney,",TX,https://clutch.co/profile/arbisoft,https://arbisoft.com/contact/?utm_source=clutch&utm_medium=clutch_sponsor&utm_campaign=Arbi-Clutch-Sponsor,contact@arbisoft.com,"
+1 (469) 215 2958 "
Boston Technology Corporation," $50,000+ ",4.9,$50 - $99,"""50 - 249""","Marlborough,",MA,https://clutch.co/profile/boston-technology-corporation,http://btchealth.boston-technology.com/,info@boston-technology.com,"
781.583.1144 "
July Rapid," $25,000+ ",4.5,$50 - $99,"""50 - 249""","San Francisco ,",CA,https://clutch.co/profile/july-rapid,https://julyrapid.com,info@julysystems.com,"
650.685.2460 "
A.Y. Technologies," $10,000+ ",4.9,$100 - $149,"""10 - 49""","Vancouver,",None,https://clutch.co/profile/ay-technologies,https://www.aytech.ca,info@aytech.ca,"
6042455875 "
Peerbits," $5,000+ ",4.8,< $25,"""50 - 249""","Ahmedabad,",None,https://clutch.co/profile/peerbits,http://www.peerbits.com/top-app-development-company.html,peerbits@gmail.com,"
877.707.0459 "
InnoviMobile Enterprise," $10,000+ ",4.9,$100 - $149,"""10 - 49""","Millburn/Short Hills,",NJ,https://clutch.co/profile/innovimobile-enterprise,https://innovimobile.com/get-free-estimate//?utm_source=Clutch,FastReply@innovimobile.com,"
646-588-0165 "
Vog App Developers," $50,000+ ",4.9,$100 - $149,"""10 - 49""","Calgary,",None,https://clutch.co/profile/vog-app-developers,http://vogcalgaryappdeveloper.com/,hello@vogappdevelopers.com,"
1-844-992-2777 "
IT CRAFT," $10,000+ ",4.8,$25 - $49,"""50 - 249""","Kharkiv,",None,https://clutch.co/profile/it-craft,https://www.itechcraft.com/,site@itechcraft.com,"
+38.068.195.7340 "
"XIM, Inc.", Undisclosed,4.9,$25 - $49,"""50 - 249""","San Francisco,",CA,https://clutch.co/profile/xim,http://ximxim.com/,contact@ximxim.com,"
(415) 222-9909 "
"XIM, Inc.", Undisclosed,4.9,$25 - $49,"""50 - 249""","San Francisco,",CA,https://clutch.co/profile/xim,http://ximxim.com/,contact@ximxim.com,"
(415) 222-9909 "
Alty," $25,000+ ",5,$25 - $49,"""10 - 49""","Kiev,",None,https://clutch.co/profile/alty,https://alty.co,hello@alty.co,"
 "
Prolific Interactive," $25,000+ ",4.7,$150 - $199,"""50 - 249""","Brooklyn,",NY,https://clutch.co/profile/prolific-interactive,http://prolificinteractive.com/,newbusiness@prolificinteractive.com,"
347.462.0990 "
Umbrella IT," $25,000+ ",5,$25 - $49,"""50 - 249""","Taganrog ,",None,https://clutch.co/profile/umbrella-it,http://UmbrellaIT.com,hello-clutch@umbrellait.com,"
 "
SingleMind," $25,000+ ",4.7,$100 - $149,"""10 - 49""","Lake Oswego,",OR,https://clutch.co/profile/singlemind,https://www.singlemindconsulting.com/user-experience-design/?utm_source=clutch&utm_medium=listing&utm_campaign=referral,hello@singlemindconsulting.com,"
866.997.4239 "
Flexsin Inc.," $10,000+ ",4.4,$25 - $49,250 - 999,"Dallas,",TX,https://clutch.co/profile/flexsin,http://www.flexsin.com/,info@flexsin.com,"
+1-469-305-9770 "
Future Mind, Undisclosed,4.9,$50 - $99,"""10 - 49""","Warsaw,",None,https://clutch.co/profile/future-mind,http://futuremind.com,hello@futuremind.com,"
 "
Finoit Technologies," $5,000+ ",4.8,< $25,"""50 - 249""","Noida,",None,https://clutch.co/profile/finoit-technologies,http://www.finoit.com/,josh@finoit.com,"
+91.120.411.2386 "
Yeeply Mobile," $5,000+ ",4.9,$50 - $99,"""10 - 49""","London,",None,https://clutch.co/profile/yeeply-mobile,https://en.yeeply.com,fer@yeeply.com,"
+44 800 808 5887 "
WOXAPP," $5,000+ ",5,$25 - $49,"""10 - 49""","Dnipropetrovsk,",None,https://clutch.co/profile/woxapp,http://woxapp.com/en/,mail@woxapp.com,"
+1 (646) 568 54 24 "
Zudu," $10,000+ ",5,$100 - $149,2 - 9,"Dundee,",None,https://clutch.co/profile/zudu,http://www.zudu.co.uk,contact@zudu.co.uk,"
+44 1382 690 080 "
Seasia Infotech," $10,000+ ",4.9,$25 - $49,250 - 999,"Mohali,",None,https://clutch.co/profile/seasia-infotech,https://www.seasiainfotech.com/,clutch@seasiainfotech.com,"
+91 988 825 1122 "
December Labs ," $10,000+ ",4.9,$50 - $99,"""10 - 49""","Montevideo,",None,https://clutch.co/profile/december-labs,http://www.decemberlabs.com/,info@decemberlabs.com,"
+1 (415) 644-5058 "
Ampersand + Ampersand," $50,000+ ",4.9,$100 - $149,"""10 - 49""","London,",None,https://clutch.co/profile/ampersand-ampersand,http://3amp.co/,info@3amp.co,"
+44 (0) 20 7112 7100 "
Corporation Pop," $25,000+ ",4.8,$100 - $149,"""10 - 49""","Manchester,",None,https://clutch.co/profile/corporation-pop,http://www.corporationpop.co.uk,info@corporationpop.co.uk,"
0161 838 0808 "
Sourcebits," $25,000+ ",4.5,$50 - $99,250 - 999,"Bangalore,",None,https://clutch.co/profile/sourcebits,http://sourcebits.com/,getstarted@sourcebits.com,"
+91 80675 00800 "
Tintash," $10,000+ ",4.7,$25 - $49,"""50 - 249""","Raleigh,",None,https://clutch.co/profile/tintash,https://tintash.com/?utm_source=Clutch&utm_medium=mobile-developer,AllEars@tintash.com,"
650-204-9718 "
RichestSoft," $1,000+ ",4.8,$25 - $49,"""10 - 49""","Mohali,",None,https://clutch.co/profile/richestsoft,https://www.richestsoft.com/mobile-application-development/?utm_source=referrer&utm_medium=webapp&utm_campaign=clutch,info@richestsoft.com,"
+13152104488 "
Netsells Group," $10,000+ ",4.8,$100 - $149,"""10 - 49"""," York,",None,https://clutch.co/profile/netsells-group,https://netsells.co.uk,info+clutch@netsells.co.uk,"
+44 19 0421 7026 "
Five Pack Creative, Undisclosed,5,$150 - $199,"""50 - 249""","Frisco,",TX,https://clutch.co/profile/five-pack-creative,http://www.fivepackcreative.com,info@fivepackcreative.com,"
(972) 377-0023 "
GBKSOFT," $25,000+ ",4.9,$25 - $49,"""50 - 249""","Kyiv,",None,https://clutch.co/profile/gbksoft,https://gbksoft.com/?utm_source=clutch&utm_medium=referral&utm_content=company-page,contact@gbksoft.com,"
+38 (063) 764 5845 "
Sileria," $50,000+ ",4.9,$100 - $149,"""10 - 49""","Los Angeles,",CA,https://clutch.co/profile/sileria,http://sileria.com,info@sileria.com,"
+1 (888) 295-5110 "
SimbirSoft," $25,000+ ",4.9,$50 - $99,250 - 999,"Lexington,",None,https://clutch.co/profile/simbirsoft,https://www.simbirsoft.com/?utm_source=clutch,request@simbirsoft.com,"
+1 617 982 1723 "
Rosberry, Undisclosed,4.8,$25 - $49,"""10 - 49""","Omsk,",None,https://clutch.co/profile/rosberry,http://rosberry.com/,develop@rosberry.com,"
+7-951-403-21-24 "
Rozdoum Inc," $10,000+ ",4.9,$25 - $49,250 - 999,"Kharkiv,",None,https://clutch.co/profile/rozdoum,https://rozdoum.com,quote@rozdoum.com,"
+1 315 707 7517 "
Debut Infotech ," $5,000+ ",4.9,< $25,"""10 - 49""","Mohali,",None,https://clutch.co/profile/debut-infotech,http://www.debutinfotech.com/,info@debutinfotech.com,"
1-703-537-5009 "
Intrepid," $25,000+ ",5,$150 - $199,"""50 - 249""","Cambridge,",MA,https://clutch.co/profile/intrepid,http://www.intrepid.io,inquiries@intrepid.io,"
617.958.1853 "
Ascendle," $25,000+ ",4.9,$100 - $149,"""50 - 249""","North Hampton,",NH,https://clutch.co/profile/ascendle,http://www.ascendle.com,contact@ascendle.com,"
603.369.6325 "
Clover Studio," $5,000+ ",5,$25 - $49,"""10 - 49""","Zagreb,",None,https://clutch.co/profile/clover-studio,http://clover.studio,info@clover.studio,"
385.1.375.5381 "
AppSquadz," $1,000+ ",4.7,< $25,"""50 - 249""","Noida,",None,https://clutch.co/profile/appsquadz,http://www.appsquadz.com,sales@appsquadz.com,"
+91-9717270746, +91-120-4238296 "
PhD Labs," $10,000+ ",4.7,$100 - $149,"""10 - 49""","Irvine,",CA,https://clutch.co/profile/phd-labs,http://www.phdlabs.com?utm_source=clutch.co&utm_medium=sponsorship&utm_campaign=platinum,,"
 "
Osellus Mobile," $25,000+ ",5,$50 - $99,"""10 - 49""","Toronto,",None,https://clutch.co/profile/osellus-mobile,http://www.osellus-mobile.com/,omid@osellus-mobile.com,"
416.603.6667 "
Fluper," $5,000+ ",4.9,< $25,"""50 - 249""","Dubai,",None,https://clutch.co/profile/fluper,https://www.fluper.com/,sales@fluper.com,"
+971 52 670 9598 "
Glance Creative Ltd.," $50,000+ ",4.6,$50 - $99,"""10 - 49""","London,",None,https://clutch.co/profile/glance-creative,http://thisisglance.com,enquiries@thisisglance.com,"
+44 20 7125 0072 "
Multidots Solutions ," $10,000+ ",4.9,$25 - $49,"""50 - 249""","Ahmedabad,",None,https://clutch.co/profile/multidots-solutions,http://www.multidots.com/,inquiry@multidots.com,"
+91-079-2970-8121 "
AD:60 Agency LLC," $10,000+ ",4.9,$150 - $199,"""10 - 49""","Brooklyn,",NY,https://clutch.co/profile/ad60-agency,http://www.ad60.com,hello@ad60.com,"
646.405.1251 "
Rootstrap," $1,000+ ",4.9,$100 - $149,"""50 - 249""","Beverly Hills,",CA,https://clutch.co/profile/rootstrap,http://www.rootstrap.com,hello@rootstrap.com,"
310-954-1354 "
SoluLab," $5,000+ ",4.9,< $25,"""50 - 249""","Ahmedabad,",None,https://clutch.co/profile/solulab,http://www.solulab.com/,sales@solulab.com,"
9427026888 "
Wve Labs," $50,000+ ",5,$50 - $99,"""50 - 249""","Los Angeles,",CA,https://clutch.co/profile/wve-labs,http://www.wvelabs.com/?utm_source=clutch&utm_medium=profilebutton&utm_campaign=wveclutch,sales.usa@wvelabs.com,"
800.588.9094 "
iLeaf Solutions Pvt. Ltd.," $5,000+ ",4.9,< $25,"""50 - 249""","Kochi,",None,https://clutch.co/profile/ileaf-solutions,http://ileafsolutions.com,info@ileafsolutions.com,"
+91 9446126403 "
Redmadrobot," $25,000+ ",5,$25 - $49,"""50 - 249""","Moscow,",None,https://clutch.co/profile/redmadrobot,http://www.redmadrobot.com/?id=000011,01001010@redmadrobot.com,"
+7 (495) 933-05-95 "
The Sound Pipe Media," $25,000+ ",4.8,$150 - $199,"""10 - 49""","London,",None,https://clutch.co/profile/sound-pipe-media,http://www.thesoundpipemedia.com/?utm_source=Sourcing%20Line&utm_medium=advertising&utm_campaign=sourcing%20line,lauren@thesoundpipemedia.com,"
+44 20 7183 0254 "
IPHS Technologies LLP," $50,000+ ",None,$50 - $99,"""50 - 249""","Lucknow,",None,https://clutch.co/profile/iphs-technologies-llp,http://iphtechnologies.com,info@iphtechnologies.com,"
91.52.2495.0494 "
Deligence Technologies Pvt. Ltd.," $5,000+ ",4.8,< $25,"""10 - 49""","New Delhi,",None,https://clutch.co/profile/deligence-technologies,https://www.deligence.com,sales@deligence.com,"
+ 91 9910130340 "
iQlance Solutions," $5,000+ ",4.9,$50 - $99,"""10 - 49""","Toronto,",None,https://clutch.co/profile/iqlance,https://www.iqlance.com,info@iqlance.com,"
647 637 9108 "
Innotical Solutions," $5,000+ ",5,< $25,"""50 - 249""","Noida,",None,https://clutch.co/profile/innotical-solutions,https://www.innotical.com/,amritansh@innotical.com,"
+91.9873531328 "
Imaginovation," $10,000+ ",5,$150 - $199,"""50 - 249""","Raleigh,",NC,https://clutch.co/profile/imaginovation,https://www.imaginovation.net,sales@imaginovation.net,"
888.723.8643 "
Monstar Lab ," $75,000+ ",5,$50 - $99,250 - 999,"Singapore,",None,https://clutch.co/profile/monstar-lab,https://monstar-lab.com/sg/,singapore@monstar-lab.com,"
+65 67151500 "
Dragon Army," $25,000+ ",5,$150 - $199,"""10 - 49""","Atlanta,",GA,https://clutch.co/profile/dragon-army,http://www.dragonarmy.com,contact@dragonarmy.com,"
404.890.0279 "
Technology Rivers," $10,000+ ",4.9,$50 - $99,"""10 - 49""","Reston,",VA,https://clutch.co/profile/technology-rivers,http://www.technologyrivers.com/?utm_source=CL_SP_MOBILE,sales@technologyrivers.com,"
703.444.0505 "
Apptitude," $50,000+ ",5,$100 - $149,2 - 9,"New Orleans,",LA,https://clutch.co/profile/apptitude,https://apptitude.io,hey@apptitude.io,"
1.800.504.0569 "
Lateral View," $25,000+ ",5,$50 - $99,"""10 - 49""","Mar del Plata ,",None,https://clutch.co/profile/lateral-view,https://lateralview.co,new@lateralview.co,"
 "
Mindgrub," $50,000+ ",4.8,$100 - $149,"""50 - 249""","Baltimore,",MD,https://clutch.co/profile/mindgrub,http://www.mindgrub.com,sales@mindgrub.com,"
410.988.2444 "
INMIND," $5,000+ ",4.9,$25 - $49,"""10 - 49""","Montevideo,",None,https://clutch.co/profile/inmind,http://www.inmind.com.uy,sales@inmind.com.uy,"
59826284361 "
Messapps," $25,000+ ",5,$100 - $149,"""10 - 49""","New York,",NY,https://clutch.co/profile/messapps,https://messapps.com/?utm_source=directory&utm_medium=clutch&utm_campaign=profile&utm_term=profile&utm_content=profile,team@messapps.com,"
646.741.4814 "
Apollo Matrix Inc. ," $25,000+ ",4.6,$100 - $149,"""10 - 49""","Bethesda,",MD,https://clutch.co/profile/apollo,http://www.apollomatrix.com,pete@apollomatrix.com,"
202.643.0711 "
Creative360," $25,000+ ",4.9,$50 - $99,"""10 - 49""","New York,",NY,https://clutch.co/profile/creative360,https://creative360.co/?src=clutch,hello@creative360.co,"
917.809.8610 "
Fgfactory," $5,000+ ",4.9,$25 - $49,"""10 - 49""","Kharkiv,",None,https://clutch.co/profile/fgfactory,https://fgfactory.com/en,info@fgfactory.com,"
 "
New Haircut," $50,000+ ",4.7,$100 - $149,"""10 - 49""","Freehold,",NJ,https://clutch.co/profile/new-haircut,http://www.newhaircut.com,start@newhaircut.com,"
+ 1 (732) 339-3864 "
Proexe," $10,000+ ",5,$50 - $99,"""10 - 49""","Warsaw,",None,https://clutch.co/profile/proexe,http://proexe.co,inquiry@proexe.co,"
+48 691 538 689 "
"Rage Digital, Inc", Undisclosed,4.5,$100 - $149,2 - 9,"Boulder,",CO,https://clutch.co/profile/rage-digital,http://www.RageDigital.com,ted@ragedigital.com,"
303.263.2025 "
Snappii," $1,000+ ",5,$50 - $99,"""10 - 49""","Rochester,",MA,https://clutch.co/profile/snappii,https://www.snappii.com/,sales@snappii.com,"
1-888-707-6633 "
SoluteLabs," $10,000+ ",4.8,< $25,"""10 - 49""","Ahmedabad,",None,https://clutch.co/profile/solutelabs,https://www.solutelabs.com,sales@solutelabs.com,"
+91 7966172582 "
WebMob Technologies," $5,000+ ",4.8,< $25,"""10 - 49""","Ahmedabad,",None,https://clutch.co/profile/webmob-technologies,https://webmobtech.com,pjain@webmobtech.com,"
91.989.891.5212 "
MediaSoft Mobile," $5,000+ ",5,$25 - $49,"""50 - 249""","Moscow,",None,https://clutch.co/profile/mediasoft-mobile,http://mediasoft.team/en/,info@ru-mobile.pro,"
+7 (495) 155-9137 "
Nextbrain Technologies Pvt Ltd," $5,000+ ",4.5,$25 - $49,"""50 - 249""","Bangalore,",None,https://clutch.co/profile/nextbrain-technologies,https://www.nextbrainitech.com,hello@nextbrainitech.com,"
9916259079 "
Pieoneers," $50,000+ ",4.6,$100 - $149,"""10 - 49""","Vancouver,",None,https://clutch.co/profile/pieoneers,http://pieoneers.com/,hi@pieoneers.com,"
604.710.2407 "
Erminesoft, Undisclosed,5,$25 - $49,"""10 - 49""","San Francisco,",CA,https://clutch.co/profile/erminesoft,http://erminesoft.com/,hello@erminesoft.com,"
+1 8053645433 "
SoftTeco," $5,000+ ",4.7,$25 - $49,"""50 - 249""","Minsk,",None,https://clutch.co/profile/softteco,http://www.softteco.com/,info@softteco.com,"
+375 (17) 207-01-40 "
Bamboo Apps," $5,000+ ",4.8,$25 - $49,"""50 - 249""","Tallinn,",None,https://clutch.co/profile/bamboo-apps,http://bambooapps.eu/,contact@bamboogroup.eu,"
372.69.803.35 "
All In Mobile," $25,000+ ",4.9,$50 - $99,"""10 - 49""","Wrocaw,",None,https://clutch.co/profile/all-mobile,http://www.allinmobile.co/?utm_source=clutch.co&utm_medium=referral&utm_content=profile,clutch@allinmobile.co,"
+48 510 472 901 "
Infrared5," $10,000+ ",5,$150 - $199,"""10 - 49""","Jamaica Plain,",MA,https://clutch.co/profile/infrared5,http://www.infrared5.com,info@infrared5.com,"
617.442.4151 "
Plank," $10,000+ ",4.8,$100 - $149,"""10 - 49""","Montreal,",None,https://clutch.co/profile/plank,https://www.plankdesign.com/,workwith@plankdesign.com,"
514.875.0003  "
KISS digital," $25,000+ ",5,$25 - $49,"""10 - 49""","Krakow,",None,https://clutch.co/profile/kiss-digital,http://kissdigital.com/,hello@kissdigital.com,"
+48 60 482 7249 "
Exyte," $10,000+ ",5,$50 - $99,"""10 - 49""","Novosibirsk,",None,https://clutch.co/profile/exyte,https://exyte.com/,info@exyte.com,"
+7 983 320 41 22 "
FOONKIE MONKEY," $25,000+ ",4.8,$25 - $49,"""50 - 249""","BOGOT,",None,https://clutch.co/profile/foonkie-monkey,http://www.foonkiemonkey.co.uk,be_foonkie@foonkiemonkey.co.uk,"
+5712220373 "
Systango Technologies," $5,000+ ",4.9,$25 - $49,"""50 - 249""","London,",None,https://clutch.co/profile/systango-technologies,http://www.systango.com/,hello@systango.com,"
+44-208 1445224 "
SDI - Software Developers Inc," $1,000+ ",4.8,< $25,"""50 - 249""","Saratoga,",CA,https://clutch.co/profile/sdi-software-developers,https://softwaredevelopersindia.com,team@sdi.la,"
408.802.2885 "
Red C London," $25,000+ ",4.6,$50 - $99,"""10 - 49""","London,",None,https://clutch.co/profile/red-c-london,https://www.red-c.co.uk/,info@red-c.co.uk,"
020 3397 9028 "
Minimum Inc.," $10,000+ ",5,$50 - $99,"""10 - 49""","Byron Bay,",None,https://clutch.co/profile/minimum,http://minimuminc.com/,alex@minimuminc.com,"
+61 452 586 624 "
LoyaltyPlant," $5,000+ ",5,$50 - $99,"""50 - 249""","New York,",NY,https://clutch.co/profile/loyaltyplant,http://www.loyaltyplant.com,g.grigoryeva@loyaltyplant.com,"
(646) 768-8058 "
HacknCraft," $25,000+ ",4.8,$150 - $199,"""10 - 49""","New York,",NY,https://clutch.co/profile/hackncraft,http://www.HacknCraft.com,kejia.tang@hackncraft.com,"
 "
S-PRO," $10,000+ ",4.9,$25 - $49,"""50 - 249""","Kiev,",None,https://clutch.co/profile/s-pro,https://s-pro.io/?utm_source=clutch&utm_medium=buttom,hi@s-pro.io,"
 "
Bluelupin Technologies," $10,000+ ",4.8,$25 - $49,"""10 - 49""","Noida,",None,https://clutch.co/profile/bluelupin-technologies,http://www.bluelupin.com,sales@bluelupin.com,"
+91 989 924 5495 "
Movel," $10,000+ ",5,$150 - $199,"""10 - 49""","Sterling,",VA,https://clutch.co/profile/movel,http://www.movel.co,info@movel.co,"
571.317.1734 "
Ticketmaster Mobile Studio, Undisclosed,4.5,$200 - $300,"""10 - 49""","Durham,",NC,https://clutch.co/profile/ticketmaster-mobile-studio,http://www.twotoasters.com,biz@twotoasters.com,"
919.282.1244 x 198 "
GSBitLabs," $10,000+ ",5,< $25,"""10 - 49""","Victoria,",None,https://clutch.co/profile/gsbitlabs,http://www.gsbitlabs.com.au,gagandeep@gsbitlabs.com,"
450914478 "
Appiskey," $10,000+ ",4.6,$50 - $99,"""50 - 249""","Lake Mary,",FL,https://clutch.co/profile/appiskey,http://www.appiskey.com/,info@appiskey.com,"
 "
The Jed Mahonis Group, Undisclosed,5,$100 - $149,"""10 - 49""","St. Louis Park,",MN,https://clutch.co/profile/jed-mahonis-group,https://jedmahonisgroup.com,info@jedmahonisgroup.com,"
612-208-3872 "
Agilityio," $50,000+ ",5,$50 - $99,"""50 - 249""","New York,",NY,https://clutch.co/profile/agilityio,https://www.agilityio.com/,jordan.wexler@agilityio.com,"
 "
Norbsoft," $25,000+ ",4.9,$100 - $149,"""10 - 49""","Waterloo,",None,https://clutch.co/profile/norbsoft,http://www.norbsoft.com,paul.cebo@norbsoft.ca,"
519.496.5184 "
Omega-R, Undisclosed,4.8,$50 - $99,"""50 - 249""","New York,",NY,https://clutch.co/profile/omega-r,http://www.omega-r.com,develop@omega-r.com,"
+1 (646)-844-3118 "
ArtyGeek," $5,000+ ",4.9,$25 - $49,"""50 - 249""","Lviv,",None,https://clutch.co/profile/artygeek,http://artygeek.com/,contact@artygeek.com,"
+380931968940 "
"Groove Development, LLC", Undisclosed,4.8,$100 - $149,"""10 - 49""","Beaverton ,",OR,https://clutch.co/profile/groove-development,http://www.groovedevelopment.com,rick@groovedevelopment.com,"
503.439.8766 "
Archbolt," $50,000+ ",5,$100 - $149,"""10 - 49""","New York,",NY,https://clutch.co/profile/archbolt,http://Archbolt.com,team@archbolt.com,"
646-580-6172 "
Squareball Studios," $25,000+ ",4.8,$100 - $149,"""10 - 49""","Dallas,",TX,https://clutch.co/profile/squareball-studios,http://squareballstudios.com,info@squareballstudios.com,"
877832109 "
Nimblechapps Ltd," $10,000+ ",4.8,$25 - $49,"""10 - 49""","Ahmedabad,",None,https://clutch.co/profile/nimblechapps,https://www.nimblechapps.com/,howdy@nimblechapps.com,"
+91 079 4030 5669 "
EIGHT25MOBILE," $25,000+ ",4.9,$100 - $149,"""10 - 49""","Fremont,",CA,https://clutch.co/profile/eight25mobile,http://www.eight25mobile.com,info@eight25mobile.com,"
408 728 9555 "
Hattrick IT," $10,000+ ",4.9,$25 - $49,2 - 9,"Montevideo,",None,https://clutch.co/profile/hattrick-it,https://hattrick-it.com,hello@hattrick-it.com,"
+598 2705 1324 "
DreamWalk," $25,000+ ",4.4,None,"""10 - 49""","Melbourne,",None,https://clutch.co/profile/dreamwalk,https://www.dreamwalk.com.au,info@dreamwalk.com.au,"
+61 3 9088 7508 "
Lets Nurture," $5,000+ ",4.9,$25 - $49,"""50 - 249""","New York,",NY,https://clutch.co/profile/lets-nurture,http://www.letsnurture.com,enquiry@letsnurture.com,"
+1-631-954-6922 "
Vault Innovation ," $25,000+ ",5,$100 - $149,"""10 - 49""","Chicago,",IL,https://clutch.co/profile/vault-innovation,http://www.vaultinnovation.com,hello@vaultinnovation.com,"
7735738069 "
Appy Monkey," $5,000+ ",5,$50 - $99,"""10 - 49""","London,",None,https://clutch.co/profile/appy-monkey,http://www.appymonkey.com,management@appymonkey.com,"
07776 131313 "
Stanfy," $25,000+ ",4.8,$50 - $99,"""10 - 49""","San Francisco,",CA,https://clutch.co/profile/stanfy,https://stanfy.com/,hello@stanfy.com,"
415.890.4994 "
BairesDev, Undisclosed,4.7,$25 - $49,250 - 999,"Buenos Aires,",None,https://clutch.co/profile/bairesdev,http://www.bairesdev.com/,sales@bairesdev.com,"
 "
Logicspice Consultancy Pvt Ltd.," $5,000+ ",5,< $25,"""10 - 49""","Jaipur,",None,https://clutch.co/profile/logicspice-consultancy,https://www.logicspice.com/,info@logicspice.com,"
+91-141-4021056 "
Tmob Tech Inc., Undisclosed,5,$50 - $99,"""50 - 249""","Palo Alto,",CA,https://clutch.co/profile/tmob-tech,http://tmobtech.com,atahan@tmobtech.com,"
650.924.7233 "
The Sneakers Agency," $25,000+ ",4.9,$100 - $149,"""10 - 49""","New York,",NY,https://clutch.co/profile/sneakers-agency,"http://sneakersagency,com",sales@sneakersagency.com,"
646.396.5193 "
EB Pearls," $10,000+ ",4.8,None,"""50 - 249""","Sydney ,",None,https://clutch.co/profile/eb-pearls,https://www.ebpearls.com.au,akash@ebpearls.com.au,"
02 8880 7857 "
AB Mobile Apps, Undisclosed,5,None,2 - 9,"SEATTLE,",WA,https://clutch.co/profile/ab-mobile-apps,http://www.ABMobileApps.com,Info@ABMobileApps.com,"
866.882.2711 "
Ironbit ," $25,000+ ",4.5,$25 - $49,250 - 999,"Mxico, D.F.,",None,https://clutch.co/profile/ironbit,http://www.ironbit.com/,info@ironbit.com.mx,"
52.55.5524.7678 "
Grappus," $10,000+ ",4.8,$50 - $99,"""50 - 249""","Delhi,",None,https://clutch.co/profile/grappus,http://grappus.com,info@grappus.com,"
(+91) 98911 27771 "
Appscrip," $5,000+ ",4.7,$25 - $49,"""50 - 249""","Bengaluru,",None,https://clutch.co/profile/appscrip,https://www.appscrip.com/,dreamer@appscrip.com,"
+1.415.813.5833 "
Surf," $1,000+ ",5,$25 - $49,"""50 - 249""","Voronezh,",None,https://clutch.co/profile/surf,http://surfstudio.co/?utm_source=web&utm_medium=ratings&utm_campaign=clutch,hello@surfstudio.co,"
+7 920 436-86-00 "
SmartLogic," $10,000+ ",5,$150 - $199,"""10 - 49""","Baltimore,",MD,https://clutch.co/profile/smartlogic,http://smr.tl/1UyUbY3,contact@smartlogic.io,"
443.451.3001 "
Cortex," $25,000+ ",4.8,$50 - $99,"""10 - 49""","Qubec,",None,https://clutch.co/profile/cortex,https://cortexstudio.com,jmlebeau@cortexstudio.com,"
1 418-210-0199 "
Enozom Software," $10,000+ ",4.8,< $25,"""10 - 49""","Alexandria,",None,https://clutch.co/profile/enozom-software,https://www.enozom.com,info@enozom.com,"
+203 4225648 "
Snowman Labs, Undisclosed,4.8,$50 - $99,"""10 - 49""","Curitiba,",None,https://clutch.co/profile/snowman-labs,http://www.snowmanlabs.com,social@snowmanlabs.com,"
+55 (41) 3027-7669 "
iCoderz Solutions Pvt. Ltd.," $10,000+ ",5,$25 - $49,"""50 - 249""","Ahmedabad,",None,https://clutch.co/profile/icoderz-solutions,http://www.icoderzsolutions.com,sales@icoderzsolutions.com,"
+91.9723230990 "
Planet Web Solutions Pvt. Ltd.," $1,000+ ",4.8,< $25,"""50 - 249""","Jaipur,",None,https://clutch.co/profile/planet-web-solutions,http://www.planetwebsolution.com/,sales@planetwebsolution.com,"
+918952953777 "
TkXel," $25,000+ ",5,$50 - $99,"""50 - 249""","Reston,",VA,https://clutch.co/profile/tkxel,http://www.tkxel.com,services@tkxel.com,"
703.251.4810 "
Yellow," $5,000+ ",5,$25 - $49,"""10 - 49""","Minsk,",None,https://clutch.co/profile/yellow,http://yellow.id,hi@yellow.id,"
 "
Heady ," $50,000+ ",4.9,$100 - $149,"""10 - 49""","Brooklyn,",NY,https://clutch.co/profile/heady,http://www.heady.io,info@heady.io,"
646.480.0489 "
CodeIT," $25,000+ ",4.9,$25 - $49,"""50 - 249""","Kharkiv,",None,https://clutch.co/profile/codeit,https://codeit.us,sales@codeit.us,"
+38 099 925 6885 "
Diffco," $25,000+ ",5,$50 - $99,"""10 - 49""","Sunnyvale,",CA,https://clutch.co/profile/diffco,http://diffco.us,mail@diffco.us,"
415.655.1002 "
Quytech," $10,000+ ",4.7,< $25,"""50 - 249""","Gurgaon,",None,https://clutch.co/profile/quytech,http://www.quytech.com/?utm_source=clutch&utm_medium=directory&utm_campaign=clutchprofile,sales@quytech.com,"
+91-70422-95974 "
SnapMobile," $25,000+ ",4.9,None,"""10 - 49""","Chicago,",IL,https://clutch.co/profile/snapmobile,http://www.snapmobile.io,hello@snapmobile.io,"
(872) 225-2799 "
Agilis Tech Labs," $10,000+ ",5,$25 - $49,"""10 - 49""","Los Angeles,",CA,https://clutch.co/profile/agilis-tech-labs,http://www.agilistechlabs.com,contact@agilistechlabs.com,"
(424) 252-1070 "
UruIT," $25,000+ ",4.8,$25 - $49,"""50 - 249""","Montevideo,",None,https://clutch.co/profile/uruit,http://www.uruit.com,hello@uruit.com,"
+1 310 409 2021 "
Matsuu," $10,000+ ",4.9,$50 - $99,"""10 - 49""","Gdynia,",None,https://clutch.co/profile/matsuu,https://matsuu.com,info@matsuu.com,"
+48 58 712 81 50 "
IdeaPlunge Solutions LLP," $5,000+ ",5,$25 - $49,"""50 - 249""","Bangalore,",None,https://clutch.co/profile/ideaplunge-solutions-llp,http://ideaplunge.com/,talktous@ideaplunge.com,"
+91 8043709684 "
Designli," $50,000+ ",5,$100 - $149,"""10 - 49""","Greenville,",SC,https://clutch.co/profile/designli,https://designli.co,sales@designli.co,"
 "
Elegant Media," $10,000+ ",5,$25 - $49,"""50 - 249""","Clayton,",None,https://clutch.co/profile/elegant-media,http://www.elegantmedia.com.au/,hi@elegantmedia.com.au,"
1300 470 580 "
Essential Designs," $10,000+ ",5,$50 - $99,"""10 - 49""","Vancouver,",None,https://clutch.co/profile/essential-designs,https://www.essentialdesigns.net,info@essentialdesigns.net,"
604-568-7800 "
Digital Scientists," $25,000+ ",4.8,$100 - $149,"""10 - 49""","Alpharetta,",GA,https://clutch.co/profile/digital-scientists,http://digitalscientists.com/,jeff.mette@digitalscientists.com,"
404.654.3855 "
Nodes," $25,000+ ",4.3,$100 - $149,"""50 - 249""","London,",None,https://clutch.co/profile/nodes,http://www.nodesagency.com,info@nodesagency.com,"
+44 7935 792 014 "
FACTION STUDIO iOS," $10,000+ ",4.7,$100 - $149,"""10 - 49""","Brooklyn,",NY,https://clutch.co/profile/faction-studio-ios,http://www.factionstudio.com,clutch@factionstudio.com,"
212-328-1170 "
TriState Technology LLP," $5,000+ ",5,< $25,"""50 - 249""","Ahmedabad,",None,https://clutch.co/profile/tristate-technology-llp,http://www.tristatetechnology.com,sales@tristatetechnology.com,"
+91 7940034811 "
AppIt Ventures," $25,000+ ",5,$100 - $149,"""10 - 49""","Denver,",CO,https://clutch.co/profile/appit-ventures,https://appitventures.com,founders@appitventures.com,"
303-284-0249 "
Plastic Mobile, Undisclosed,4.2,$200 - $300,"""50 - 249""","Toronto,",None,https://clutch.co/profile/plastic-mobile,http://www.plasticmobile.com/,contact@plasticmobile.com,"
416.538.8880 "
Chili Labs," $10,000+ ",5,$50 - $99,"""10 - 49""","Riga,",None,https://clutch.co/profile/chili-labs,http://chi.lv,studio@chi.lv,"
+371 26668813 "
Centogram," $10,000+ ",5,$100 - $149,2 - 9,"Cincinnati,",OH,https://clutch.co/profile/centogram,http://www.centogram.com,clutch@centogram.com,"
 "
Empire Elements," $25,000+ ",4.8,$150 - $199,"""10 - 49""",None,None,https://clutch.co/profile/empire-elements,http://www.empire-elements.co.uk/,info@empire-elements.co.uk,"
+44 1252 336423 "
Orangesoft, Undisclosed,4.8,$25 - $49,"""10 - 49""","Minsk,",None,https://clutch.co/profile/orangesoft,http://www.orangesoft.co,os@orangesoft.co,"
+375 29 733 4708 "
Underlabs Inc.," $25,000+ ",5,$100 - $149,"""10 - 49""","Montreal,",None,https://clutch.co/profile/underlabs,https://underlabs.ca,support@underlabs.ca,"
514.649.0510 "
Tepia Co," $10,000+ ",4.9,$100 - $149,2 - 9,"Costa Mesa,",CA,https://clutch.co/profile/tepia-co,https://www.tepia.co/,abraham@tepia.co,"
714.699.4760 "
Ventuso LLC," $25,000+ ",4.8,< $25,"""10 - 49""","Ho Chi Minh City ,",None,https://clutch.co/profile/ventuso,http://www.ventuso.net,customersupport@ventuso.net,"
+84 915 051 698 "
Relinns Technologies," $5,000+ ",4.8,$25 - $49,"""50 - 249""","Chicago,",IL,https://clutch.co/profile/relinns-technologies,http://www.relinns.com/,contact@relinns.com,"
+1(718) 717-2666 "
R-Style Lab," $5,000+ ",4.8,$25 - $49,"""50 - 249""","San Francisco,",CA,https://clutch.co/profile/r-style-lab,http://r-stylelab.com/?utm_source=clutch.co&utm_medium=link_on_20clutch&utm_campaign=clutch_profile,ask@r-stylelab.com,"
888.252.3073 "
Rose Digital," $25,000+ ",4.5,$100 - $149,"""10 - 49""","New York,",NY,https://clutch.co/profile/rose-digital,http://rosedigital.co,clientdevelopment@rosedigital.co,"
914-715-9980 "
RAZUR," $25,000+ ",5,$100 - $149,2 - 9,"Brooklyn,",NY,https://clutch.co/profile/razur,https://www.razuragency.com,sales@razuragency.com,"
8775549990 "
Inheritx Solutions," $10,000+ ",4.8,< $25,"""50 - 249""","Bodakdev, Ahmedabad, Gujarat,",None,https://clutch.co/profile/inheritx-solutions,http://www.inheritx.com/,clutch@inheritx.com,"
+91.79.4003.3080 "
CMOLDS," $10,000+ ",5,$25 - $49,250 - 999,"Totowa,",NJ,https://clutch.co/profile/cmolds,http://www.cmolds.com,talk@cmolds.com,"
(844) 673 6849 "
Siclo," $10,000+ ",4.6,$25 - $49,"""10 - 49""","Ho Chi Minh City,",None,https://clutch.co/profile/siclo,http://www.siclo-mobile.com,business@siclo-mobile.com,"
 "
WebClues Infotech," $5,000+ ",5,< $25,"""50 - 249""","Streetsboro,",OH,https://clutch.co/profile/webclues-infotech,http://www.webcluesinfotech.com/,sales@webcluesinfotech.com,"
+1-315-245-8500 "
DockYard," $100,000+ ",5,$150 - $199,"""50 - 249""","Hingham,",MA,https://clutch.co/profile/dockyard,https://dockyard.com/,hello@dockyard.com,"
855.362.5973 "
DevMynd," $100,000+ ",4.9,$150 - $199,"""10 - 49""","Chicago,",IL,https://clutch.co/profile/devmynd,http://www.devmynd.com/,hello@devmynd.com,"
773.492.0209 "
Creole Studios," $10,000+ ",4.7,$25 - $49,"""10 - 49""","Singapore,",None,https://clutch.co/profile/creole-studios,https://creolestudios.com,hello@creolestudios.com,"
+6531586249 "
PointClear Solutions," $25,000+ ",4.6,$100 - $149,"""10 - 49""","Atlanta,",GA,https://clutch.co/profile/pointclear-solutions,http://www.pointclearsolutions.com,info@pointclearsolutions.com,"
470.223.4370 "
Despark," $25,000+ ",4.6,$100 - $149,"""10 - 49""","London,",None,https://clutch.co/profile/despark,https://despark.com/,contact@despark.com,"
+44 (0) 207 060 9799 "
